Retron (sub)b	msr/msd familiyc	Cluster/domaind	Accesione
 I-A	 IA/IIA1	22_1	fig|670897.3.peg.2382
 I-A	 IA/IIA1	22_1	WP_000111473.1
 I-A	 IA/IIA1	22_1	fig|286156.4.peg.5031
 I-A	 IA/IIA1	22_1	fig|171439.3.peg.1995
 I-A	 IA/IIA1	22_1	fig|1004151.3.peg.110
 I-A	 IA/IIA1	22_1	fig|1736225.3.peg.2969
 I-A		na	fig|1897730.3.peg.2912
 I-A	 IA/IIA1	22_1	fig|1114880.3.peg.10
 I-A	 IA/IIA1	22_1	fig|1460083.3.peg.4429
 I-A	 IA/IIA1	22_1	fig|585.10.peg.2369
 I-A	 IA/IIA1	22_1	WP_140315795.1
 I-A		22_1	fig|670.147.peg.3463
 I-A		22_1	fig|1516159.4.peg.4737
 I-A	 IA/IIA1	22_1	fig|190893.12.peg.246
 I-A	 IA/IIA1	22_1	fig|643674.5.peg.820
 I-A		22_1	fig|1122619.3.peg.2381
 I-A	 IA/IIA1	22_1	fig|29489.5.peg.3423
 I-A	 IA/IIA1	22_1	fig|1899355.18.peg.3566
 I-A	 IA/IIA1	22_1	fig|49186.3.peg.4362
 I-A	 IA/IIA1	22_1	fig|672.375.peg.4377
 I-A	 IA/IIA1	22_1	fig|584.202.peg.1668
 I-A	 IA/IIA1	22_1	fig|394935.10.peg.4407
 I-A	 IA/IIA1	22_1	fig|1196083.117.peg.637
 I-A	 IA/IIA1	22_1	fig|1196083.120.peg.2046
 I-A	 IA/IIA1	22_1	fig|1196083.114.peg.825
 I-A	 IA/IIA1	22_1	fig|550.250.peg.2975
 I-A	 IA/IIA1	22_1	fig|680.27.peg.793
 I-A	 IA/IIA1	22_1	fig|1348393.3.peg.352
 I-A	 IA/IIA1	22_1	fig|644.85.peg.4392
 I-A	 IA/IIA1	22_1	fig|1234128.4.peg.4777
 I-A	 IA/IIA1	22_1	fig|69219.6.peg.2213
 I-A	 IA/IIA1	22_1	fig|208224.13.peg.2962
 I-A	 IA/IIA1	22_1	fig|672.332.peg.2758
 I-A	 IA/IIA1	22_1	fig|1777131.3.peg.2267
 I-A		22_1	fig|945550.3.peg.1167
 I-A	 IA/IIA1	22_1	fig|648.75.peg.922
 I-A	 IA/IIA1	22_1	fig|1238221.3.peg.2053
 I-A	 IA/IIA1	22_1	fig|56192.3.peg.3860
 I-A	 IA/IIA1	22_1	fig|1806667.7.peg.3169
 I-A	 IA/IIA1	22_1	fig|272773.3.peg.1019
 I-A	 IA/IIA1	22_1	WP_073265166.1
 I-A		22_1	fig|1946584.3.peg.2789
 I-A	 IA/IIA1	22_1	fig|2030880.3.peg.665
 I-A	 IA/IIA1	22_1	fig|80854.14.peg.530
 I-A	 IA/IIA1	22_1	fig|1902503.3.peg.1072
 I-A	 IA/IIA1	22_1	fig|1122212.3.peg.1985
 I-A	 IA/IIA1	22_1	fig|40576.4.peg.4387
 I-A	 IA/IIA1	22_1	fig|287094.3.peg.78
 I-A	 IA/IIA1	22_1	fig|1805633.3.peg.1469
 I-A		22_1	fig|1945927.3.peg.1017
 I-A	 IA/IIA1	22_1	fig|202956.9.peg.1680
 I-A		na	fig|1811612.3.peg.155
 I-A	 IA/IIA1	22_1	fig|573.14330.peg.438
 I-A	 IA/IIA1	22_1	fig|470.1294.peg.971
 I-A	 IA/IIA1	22_1	fig|762966.3.peg.2452
 I-A	 IA/IIA1	22_1	fig|470.3514.peg.1550
 I-A	 IA/IIA1	22_1	fig|470.2538.peg.3022
 I-A		22_1	fig|48296.130.peg.276
 I-A	 IA/IIA1	22_1	fig|663.91.peg.4688
 I-A	 IA/IIA1	22_1	fig|296199.3.peg.4813
 I-A	 IA/IIA1	na	fig|1367490.3.peg.3583
 I-A	 IA/IIA1	22_1	fig|326537.3.peg.3698
 I-A	 IA/IIA1	22_1	fig|1175631.4.peg.4191
 I-A	 IA/IIA1	22_1	WP_001403504.1
 I-A	 IA/IIA1	22_1	fig|549.21.peg.1734
 I-A	 IA/IIA1	22_1	fig|140100.3.peg.2972
 I-A	 IA/IIA1	22_1	fig|693153.4.peg.1176
 I-A	 IA/IIA1	22_1	fig|1238430.3.peg.1911
 I-A	 IA/IIA1	22_1	fig|1123036.3.peg.144
 I-A	 IA/IIA1	22_1	fig|173990.3.peg.3319
 I-A		22_1	fig|1869214.4.peg.3809
 I-A	 IA/IIA1	22_1	fig|1898113.7.peg.1514
 I-A	 IA/IIA1	22_1	fig|29484.39.peg.1876
 I-A	 IA/IIA1	ni	fig|1761793.3.peg.274
 I-A	 IA/IIA1	22_1	fig|587.48.peg.2666
 I-A	 IA/IIA1	22_1	fig|573.4147.peg.1684
 I-A	 IA/IIA1	22_1	fig|1263833.3.peg.2872
 I-A		22_1	fig|1690502.3.peg.467
 I-A	 IA/IIA1	22_1	fig|1029989.3.peg.5037
 I-A	 IA/IIA1	22_1	fig|211759.3.peg.770
 I-A	 IA/IIA1	22_1	fig|29483.5.peg.2283
 I-A	 IA/IIA1	22_1	fig|1268238.3.peg.3466
 I-A	 IA/IIA1	22_1	fig|548.121.peg.2368
 I-A	 IA/IIA1	22_1	fig|196024.6.peg.1825
 I-A		22_1	fig|386429.3.peg.3784
 I-A		na	fig|666.2089.peg.3167
 I-A	 IA/IIA1	22_1	WP_159353404.1
 I-A		na	fig|670.362.peg.2186
 I-A		22_1	fig|615.398.peg.1671
 I-A	 IA/IIA1	22_1	fig|571.188.peg.5401
 I-A	 IA/IIA1	22_1	fig|1389422.3.peg.2794
 I-A	 IA/IIA1	22_1	fig|1082704.3.peg.1242
 I-A	 IA/IIA1	22_1	fig|1686379.3.peg.3365
 I-A	 IA/IIA1	22_1	fig|83655.55.peg.221
 I-A	 IA/IIA1	22_1	fig|550.532.peg.617
 I-A	 IA/IIA1	22_1	fig|349965.6.peg.153
 I-A	 IA/IIA1	22_1	fig|1947028.3.peg.31
 I-A	 IA/IIA1	22_1	fig|29484.34.peg.3725
 I-A	 IA/IIA1	22_1	fig|314608.4.peg.222
 I-A	 IA/IIA1	22_1	fig|585.16.peg.3620
 I-A	 IA/IIA1	22_1	fig|1117313.3.peg.4128
 I-A	 IA/IIA1	22_1	fig|1236543.3.peg.1328
 I-A	 IA/IIA1	22_1	fig|550.520.peg.1818
 I-A	 IA/IIA1	22_1	fig|592316.4.peg.43
 I-A		22_1	fig|1903177.3.peg.4556
 I-A	 IA/IIA1	22_1	fig|1435069.3.peg.925
 I-A	 IA/IIA1	22_1	fig|666.3258.peg.1211
 I-A	 IA/IIA1	22_1	fig|1579504.3.peg.1822
 I-A	 IA/IIA1	22_1	fig|727.548.peg.1576
 I-A	 IA/IIA1	22_1	EIJ70524.1
 II-A1		na	fig|1121935.3.peg.14
 II-A1	 IA/IIA1	42_2	fig|400668.8.peg.2509
 II-A1	 IA/IIA1	42_2	fig|1777491.3.peg.1212
 II-A1	 IA/IIA1	42_2	fig|2013797.3.peg.1728
 II-A1	 IA/IIA1	42_2	fig|1008297.7.peg.4158
 II-A1	 IA/IIA1	42_2	EDM6246721.1
 II-A1	 IA/IIA1	42_2	fig|421.19.peg.3278
 II-A1		42_2	fig|758.17.peg.102
 II-A1	 IA/IIA1	42_2	fig|726.60.peg.864
 II-A1	 IA/IIA1	ni	fig|1035188.3.peg.348
 II-A1	 IA/IIA1	42_2	fig|670.79.peg.3738
 II-A1		42_2	fig|1481663.12.peg.913
 II-A1	 IA/IIA1	42_2	fig|1123402.3.peg.611
 II-A1	 IA/IIA1	42_2	fig|668.83.peg.3088
 II-A1	 IA/IIA1	42_2	fig|290110.6.peg.2319
 II-A1		na	fig|568766.10.peg.822
 II-A1	 IA/IIA1	42_2	fig|470.4268.peg.2217
 II-A1	 IA/IIA1	42_2	fig|1977881.3.peg.1569
 II-A1	 IA/IIA1	42_2	fig|548.171.peg.2395
 II-A1	 IA/IIA1	42_2	fig|584.105.peg.1823
 II-A1	 IA/IIA1	42_2	fig|1275975.3.peg.1756
 II-A1	 IA/IIA1	42_2	fig|615.474.peg.3994
 II-A1	 IA/IIA1	42_2	fig|61647.13.peg.3699
 II-A1	 IA/IIA1	42_2	fig|549.22.peg.222
 II-A1	 IA/IIA1	42_2	fig|991944.3.peg.3216
 II-A1	 IA/IIA1	42_2	WP_001022871.1
 II-A1	 IA/IIA1	42_2	fig|1638949.3.peg.1051
 II-A1	 IA/IIA1	ni	fig|73010.3.peg.2815
 II-A1	 IA/IIA1	42_2	fig|1444141.3.peg.3893
 II-A1		42_2	fig|232.5.peg.1080
 II-A1		42_2	fig|1175295.3.peg.21
 II-A1	 IA/IIA1	ni	fig|265726.7.peg.3430
 II-A1	 IA/IIA1	42_2	WP_009585554.1
 II-A1		ni	fig|2004649.3.peg.1632
 II-A1		ni	fig|1324350.3.peg.2817
 II-A1	 IA/IIA1	42_2	fig|2048003.3.peg.1682
 II-A1	 IA/IIA1	42_2	fig|571.171.peg.5963
 II-A1	 IA/IIA1	42_2	fig|573.4060.peg.3574
 II-A1	 IA/IIA1	42_2	fig|1173850.3.peg.2995
 II-A1	 IA/IIA1	42_2	fig|1123516.3.peg.1267
 II-A1	 IA/IIA1	42_2	fig|1981674.3.peg.1814
 II-A1	 IA/IIA1	42_2	fig|1947311.3.peg.2053
 II-A1	 IA/IIA1	42_2	fig|1198309.3.peg.4291
 II-A1	 IA/IIA1	42_2	fig|715451.3.peg.1743
 II-A1		42_2	fig|316.285.peg.730
 II-A1	 IA/IIA1	42_2	fig|1190606.3.peg.313
 II-A1		na	WP_009176189.1
 II-A1	 IA/IIA1	42_2	WP_097050713.1
 II-A1	 IA/IIA1	42_2	fig|1208323.3.peg.893
 II-A1		42_2	KZK95863.1
 II-A1	 IA/IIA1	42_2	fig|101571.310.peg.3956
 II-A1		42_2	fig|1882791.3.peg.1790
 II-A1	 IA/IIA1	42_2	fig|1736536.3.peg.4809
 II-A1		42_2	PIG30812.1
 II-A1		42_2	fig|1798244.3.peg.1046
 II-A1	 IA/IIA1	42_2	fig|1131551.3.peg.1124
 II-A1		42_2	fig|1843082.3.peg.1574
 II-A1	 IA/IIA1	42_2	fig|279058.16.peg.4721
 II-A1	 IA/IIA1	42_2	fig|1548123.6.peg.1144
 II-A1		ni	fig|380394.4.peg.276
 II-A1		na	WP_080292858.1
 II-A1		42_2	fig|101571.162.peg.3605
 II-A1		42_2	fig|1382803.3.peg.22
 II-A1		42_2	fig|930.4.peg.3851
 II-A1	 IA/IIA1	42_2	fig|1261658.3.peg.1787
 II-A1		42_2	fig|1679001.3.peg.631
 II-A1	 IA/IIA1	42_2	fig|1334187.3.peg.653
 II-A1		na	fig|1581107.3.peg.1286
 II-A1		42_2	fig|486.24.peg.152
 II-A1	 IA/IIA1	42_2	fig|1953412.3.peg.1956
 II-A1	 IA/IIA1	42_2	WP_090322045.1
 II-A1		42_2	fig|2013740.3.peg.1400
 II-A1	 IA/IIA1	42_2	fig|1907413.3.peg.3170
 II-A1	 IA/IIA1	ni	fig|1817963.3.peg.856
 II-A1	 IA/IIA1	42_2	fig|2035448.3.peg.1752
 II-A1		na	WP_014077019.1
 II-A1	 IA/IIA1	ni	fig|1648404.4.peg.2797
 II-A1	 IA/IIA1	ni	fig|359.11.peg.6331
 II-A1	 IA/IIA1	42_2	fig|887144.4.peg.573
 II-A1	 IA/IIA1	42_2	fig|1116389.3.peg.333
 II-A1	 IA/IIA1	42_2	fig|121719.10.peg.3421
 II-A1		na	fig|34002.6.peg.3570
 II-A1		ni	fig|1940281.4.peg.1560
 II-A1	 IA/IIA1	42_2	fig|1040981.5.peg.1561
 II-A1		na	fig|410764.3.peg.807
 II-A1	 IA/IIA1	42_2	fig|1825934.3.peg.3111
 II-A1	 IA/IIA1	42_2	fig|1952824.3.peg.3061
 II-A1		42_2	fig|1871086.3.peg.2153
 II-A1		42_2	fig|588932.9.peg.647
 II-A1		42_2	fig|1951751.3.peg.1538
 II-A1	 IA/IIA1	42_2	fig|1843368.3.peg.904
 II-A1		ni	fig|155892.10.peg.3219
 II-A1	 IA/IIA1	42_2	fig|43057.4.peg.4537
 II-A1	 IA/IIA1	42_2	fig|1514904.3.peg.974
 II-A1		42_2	fig|1338034.3.peg.722
 II-A1		42_2	fig|150340.18.peg.1837
 II-A1		42_2	fig|196024.5.peg.3821
 II-A1		42_2	fig|244366.32.peg.1886
 II-A1	 IA/IIA1	42_2	fig|180957.35.peg.1654
 II-A1		42_2	fig|55601.149.peg.665
 II-A1	 IA/IIA1	42_2	fig|121723.5.peg.2901
 II-A1		42_2	fig|584.170.peg.837
 II-A1	 IA/IIA1	42_2	fig|40324.136.peg.3276
 II-A1	 IA/IIA1	42_2	fig|1122188.5.peg.411
 II-A1	 IA/IIA1	ni	fig|2032566.3.peg.2826
 II-A1	 IA/IIA1	42_2	fig|287.1731.peg.2578
 II-A1	 IA/IIA1	42_2	fig|251702.3.peg.1529
 II-A1	 IA/IIA1	42_2	fig|1960829.3.peg.5912
 II-A1	 IA/IIA1	42_2	fig|76759.17.peg.5093
 II-A1	 IA/IIA1	42_2	fig|1981678.3.peg.5241
 II-A1	 IA/IIA1	42_2	fig|1699620.3.peg.3028
 II-A1		na	fig|191391.4.peg.2140
 II-A1		42_2	fig|1844093.4.peg.7190
 II-A1	 IA/IIA1	42_2	fig|287.1744.peg.1414
 II-A1		42_2	fig|287.1987.peg.910
 II-A1	 IA/IIA1	42_2	fig|287.4372.peg.4481
 II-A1		na	fig|1856685.4.peg.2159
 II-A1	 IA/IIA1	42_2	fig|1718920.3.peg.3357
 II-A1	 IA/IIA1	42_2	fig|1781066.3.peg.2816
 II-A1	 IA/IIA1	42_2	fig|95485.5.peg.60
 II-A1		42_2	fig|1572871.6.peg.588
 II-A1	 IA/IIA1	42_2	WP_034208069.1
 II-A1	 IA/IIA1	42_2	WP_074283015.1
 II-A1	 IA/IIA1	42_2	fig|1168169.3.peg.2570
 II-A1		42_2	fig|1899355.16.peg.1328
 II-A1	 IA/IIA1	42_2	WP_093197597.1
 II-A1	 IA/IIA1	42_2	fig|1660091.3.peg.1650
 II-A1	 IA/IIA1	42_2	fig|134375.17.peg.4387
 II-A1	 IIA2	42_2	fig|426114.10.peg.1990
 II-A1	 IA/IIA1	ni	fig|1947551.3.peg.1903
 II-A1	 IA/IIA1	42_2	fig|1914330.4.peg.2242
 II-A1		42_2	fig|1947037.3.peg.890
 II-A1		42_2	WP_094422719.1
 II-A1		na	WP_079496884.1
 II-A1		42_2	WP_088126255.1
 II-A1		42_2	WP_049614309.1
 II-A1		42_2	WP_048263135.1
 II-A1		ni	WP_040197602.1
 II-A1		42_2	fig|669.34.peg.1586
 II-A1		42_2	fig|672.219.peg.1032
 II-A1	 IA/IIA1	42_2	fig|670.1028.peg.1775
 II-A1	 IA/IIA1	ni	WP_065207673.1
 II-A1		42_2	fig|1869214.3.peg.2231
 II-A1		42_2	WP_029795910.1
 II-A1		42_2	fig|1191302.3.peg.1081
 II-A1		42_2	fig|668.70.peg.1192
 II-A1	 IA/IIA1	42_2	fig|28229.4.peg.4229
 II-A1		42_2	fig|1855726.3.peg.270
 II-A1		na	fig|1674888.3.peg.829
 II-A1		42_2	fig|687412.4.peg.1108
 II-A1	 IA/IIA1	42_2	WP_092465129.1
 II-A1	 IA/IIA1	42_2	fig|1120653.3.peg.5479
 II-A1	 IA/IIA1	42_2	fig|121719.5.peg.401
 II-A1	 IA/IIA1	42_2	fig|1798804.3.peg.1597
 II-A1	 IA/IIA1	42_2	fig|1946675.3.peg.3089
 II-A1	 IA/IIA1	42_2	fig|36861.5.peg.1400
 II-A1	 IA/IIA1	42_2	fig|1115835.3.peg.1003
 II-A1		42_2	fig|1797188.3.peg.1508
 II-A1	 IA/IIA1	42_2	fig|57320.3.peg.123
 II-A1		42_2	fig|1267534.3.peg.1238
 II-A1	 IA/IIA1	42_2	fig|1951344.3.peg.527
 II-A1		42_2	WP_006226461.1
 II-A1	 IA/IIA1	42_2	fig|1503054.4.peg.5764
 II-A1	 IA/IIA1	42_2	WP_006159686.1
 II-A1		42_2	WP_090191767.1
 II-A1		42_2	fig|539.8.peg.1698
 II-A1	 IA/IIA1	42_2	fig|1946925.3.peg.2129
 II-A1	 IA/IIA1	42_2	WP_047031309.1
 II-A1	 IA/IIA1	42_2	fig|1946134.3.peg.1092
 II-A1	 IA/IIA1	42_2	WP_093914930.1
 II-A1		na	fig|1862950.3.peg.1234
 II-A1	 IA/IIA1	42_2	fig|1166078.4.peg.1483
 II-A1	 IA/IIA1	42_2	fig|709015.3.peg.734
 II-A1		42_2	WP_092160028.1
 II-A1	 IA/IIA1	42_2	fig|2026749.3.peg.3364
 II-A1		42_2	WP_033771991.1
 II-A1		42_2	WP_097097099.1
 II-A1		42_2	fig|1444151.3.peg.2733
 II-A1	 IA/IIA1	42_2	WP_137545672.1
 II-A1		42_2	fig|573.14856.peg.3852
 II-A1		42_2	WP_072021595.1
 II-A1		42_2	fig|29571.3.peg.478
 II-A1		na	WP_004534676.1
 II-A1		42_2	WP_095622523.1
 II-A1		na	fig|376427.4.peg.3223
 II-A1		42_2	fig|862908.3.peg.745
 II-A1		42_2	SCJ40239.1
 II-A1		42_2	fig|717962.3.peg.287
 II-A1		42_2	WP_014642259.1
 I-B1	 IB1	22_2	fig|2009042.3.peg.2106
 I-B1	 IB1	22_2	fig|1981718.3.peg.4346
 I-B1	 IB1	22_2	fig|665135.13.peg.1401
 I-B1	 IB1	22_2	fig|1949067.3.peg.5629
 I-B1	 IB1	22_2	WP_007948552.1
 I-B1		22_2	SFB61662.1
 I-B1		na	WP_011615687.1
 I-B1		na	WP_014778098.1
 I-B1	 IB1	22_2	fig|1429083.4.peg.2612
 I-B1	 IB1	22_2	WP_095024014.1
 I-B1	 IB1	22_2	WP_090203690.1
 I-B1	 IB1	22_2	fig|564423.8.peg.1646
 I-B1		22_2	WP_078802277.1
 I-B1	 IB1	22_2	WP_090453229.1
 I-B1	 IB1	22_2	fig|1306420.5.peg.1032
 I-B1	 IB1	22_2	fig|1357270.3.peg.1923
 I-B1	 IB1	22_2	fig|2018067.3.peg.2950
 I-B1	 IB1	22_2	fig|317.311.peg.3241
 I-B1	 IB1	22_2	fig|287.2309.peg.126
 I-B1	 IB1	22_2	WP_039522442.1
 I-B1	 IB1	na	WP_080861357.1
 I-B1	 IB1	na	WP_014542745.1
 I-B1	 IB1	na	OSL25696.1
 I-B1		22_2	fig|1125693.3.peg.761
 I-B1	 IB1	22_2	KMK80587.1
 I-B1	 IB1	22_2	fig|550.717.peg.2037
 I-B1	 IB1	22_2	ACS86154.1
 I-B1	 IB1	22_2	WP_050122514.1
 I-B1		22_2	WP_081334048.1
 I-B1	 IB1	22_2	WP_055016254.1
 I-B1	 IB1	22_2	fig|56799.5.peg.478
 I-B1	 IB1	22_2	fig|666.3375.peg.2486
 I-B1	 IB1	na	PIW62005.1
 I-B1	 IB1	22_2	OCA54994.1
 I-B1	 IB1	22_2	CNK75559.1
 I-B1	 IB1	22_2	WP_024248662.1
 I-B1	 IB1	22_2	WP_088618141.1
 I-B1		na	WP_051669880.1
 I-B1	 IB1	22_2	PCJ98666.1
 I-B1	 IB1	22_2	WP_081919471.1
 I-B1	 IB1	22_2	WP_055769167.1
 I-B1	 IB1	22_2	WP_039422954.1
 I-B1		ni	WP_078568253.1
 I-B1	 IB1	22_2	WP_093486747.1
 I-B1	 IB1	22_2	WP_077445058.1
 I-B1	 IB1	22_2	WP_092576562.1
 II-A2	 IIA2	42_3	fig|1330528.3.peg.2198
 II-A2		42_3	fig|83655.67.peg.2965
 II-A2	 IIA2	42_3	fig|573.10044.peg.2850
 II-A2	 IIA2	42_3	WP_071888955.1
 II-A2	 IIA2	42_3	fig|1799789.3.peg.4357
 II-A2	 IIA2	42_3	fig|2024839.8.peg.1563
 II-A2	 IIA2	42_3	fig|1381081.7.peg.1167
 II-A2	 IIA2	42_3	fig|670.908.peg.3444
 II-A2	 IIA2	ni	fig|626887.3.peg.2431
 II-A2	 IIA2	42_3	fig|1913989.101.peg.1616
 II-A2		na	fig|262489.9.peg.2938
 II-A2	 IIA2	42_3	fig|2035207.3.peg.545
 II-A2	 IIA2	42_3	fig|28095.13.peg.1040
 II-A2	 IIA2	ni	fig|941449.3.peg.1262
 II-A2		na	fig|1768806.3.peg.778
 II-A2		42_3	WP_083634830.1
 II-A2	 IIA2	42_3	fig|1231.4.peg.574
 III-A1	 IIIA1	np	fig|604089.3.peg.1142
 III-A1	 IIIA1	np	fig|357523.3.peg.1851
 III-A1	 IIIA1	np	fig|1423323.5.peg.321
 III-A1	 IIIA1	np	fig|178356.3.peg.502
 III-A1	 IIIA1	np	fig|1946545.3.peg.3457
 III-A1		na	fig|150146.3.peg.2822
 III-A1		na	fig|229203.4.peg.1981
 III-A1	 IIIA1	np	fig|280093.5.peg.432
 III-A1	 IIIA1	113_1	fig|728056.4.peg.1154
 III-A1	 IIIA1	113_1	fig|143224.8.peg.2343
 III-A1	 IIIA1	113_1	fig|1225176.3.peg.4300
 III-A1	 IIIA1	113_1	fig|1434700.3.peg.581
 III-A1	 IIIA1	113_1	fig|996.47.peg.468
 III-A1	 IIIA1	113_1	fig|172045.56.peg.2231
 III-A1	 IIIA1	113_1	fig|2024823.3.peg.2086
 III-A1	 IIIA1	113_1	fig|2026728.18.peg.4090
 III-A1	 IIIA1	113_1	fig|980584.3.peg.2930
 III-A1	 IIIA1	113_1	fig|1946744.3.peg.1682
 III-A1	 IIIA1	113_1	fig|1046627.3.peg.2526
 III-A1	 IIIA1	113_1	fig|906888.15.peg.37
 III-A1		na	fig|407022.4.peg.2865
 III-A1	 IIIA1	113_1	fig|1500282.3.peg.3713
 III-A1	 IIIA1	113_1	WP_084550290.1
 III-A1	 IIIA1	113_1	fig|190304.8.peg.741
 III-A1	 IIIA1	113_1	fig|1352.1731.peg.603
 III-A1		113_1	fig|1428.658.peg.666
 III-A1		113_1	fig|1497681.3.peg.3095
 III-A1		113_1	fig|1396.1440.peg.4237
 III-A1		113_1	fig|1917876.3.peg.2997
 III-A1		113_1	fig|1952168.3.peg.215
 III-A1		113_1	fig|1907659.3.peg.1085
 III-A1		np	fig|1265309.16.peg.461
 III-A1		113_1	fig|853.163.peg.215
 III-A1		113_1	fig|1264.5.peg.4
 III-A1		113_1	fig|1500289.3.peg.4469
 III-A1	 IIIA1	113_1	fig|1197728.3.peg.2386
 III-A1	 IIIA1	np	fig|1947486.3.peg.2515
 III-A1		113_1	fig|529.12.peg.1303
 III-A1		113_1	fig|1523429.3.peg.2936
 III-A1		113_1	fig|1761878.3.peg.469
 III-A1		113_1	fig|1462996.4.peg.2634
 III-A1		113_1	fig|582475.4.peg.4724
 III-A1		113_1	fig|1773.7915.peg.7638
 III-A1	 IIIA1	113_1	fig|360310.3.peg.4853
 III-A1		113_1	fig|1396.515.peg.2936
 III-A1		113_1	fig|662367.4.peg.242
 III-A1	 IIIA1	ni	fig|1895719.3.peg.2950
 III-A1	 IIIA1	113_1	fig|906888.9.peg.926
 III-A1	 IIIA1	113_1	fig|694433.3.peg.2346
 III-A1	 IIIA1	113_1	fig|1167006.5.peg.2941
 III-A1		113_1	fig|649724.3.peg.304
 III-A1	 IIIA1	113_1	fig|1505.32.peg.2959
 III-A1		np	fig|1953142.3.peg.1858
 III-A1		np	fig|2029590.3.peg.2754
 III-A1		113_1	fig|29581.33.peg.2300
 III-A1		113_1	fig|40324.292.peg.236
 III-A1		113_1	fig|1403329.3.peg.287
 III-A1		np	fig|1121865.3.peg.1262
 III-A1	 IIIA1	np	fig|1120746.3.peg.3113
 III-A1	 IIIA1	np	fig|1952299.3.peg.221
 III-A1	 IIIA1	np	fig|1965604.3.peg.686
 III-A1		na	fig|1673717.3.peg.805
 III-A1		np	WP_116884683.1
 III-A1		np	fig|1948697.3.peg.196
	Ec107-like	NC	fig|1232460.3.peg.46
	Ec107-like	NC	WP_007864340.1
	Ec107-like	NC	WP_055649738.1
	Ec107-like	NC	fig|1226325.3.peg.2005
		na	fig|1432052.10.peg.3166
	Ec107-like	NC	fig|208479.8.peg.4376
	Ec107-like	NC	fig|1298920.3.peg.1959
	Ec107-like	NC	fig|1776047.3.peg.4241
	Ec107-like	NC	fig|1946596.3.peg.2399
	Ec107-like	NC	fig|1946603.3.peg.924
	Ec107-like	NC	fig|1410651.3.peg.407
		na	fig|1697784.3.peg.9617
	Ec107-like	NC	fig|1745713.3.peg.3865
	Ec107-like	NC	fig|180332.3.peg.1515
	Ec107-like	NC	WP_072851604.1
	Ec107-like	NC	WP_003507561.1
	Ec107-like	NC	fig|1111728.3.peg.587
	Ec107-like	NC	fig|1122977.4.peg.2473
	Ec107-like	NC	fig|1950915.3.peg.189
		NC	fig|1950927.3.peg.912
	Ec107-like	NC	ERK60856.1
	Ec107-like	NC	WP_009260579.1
	Ec107-like	NC	fig|1235797.3.peg.2409
		na	fig|1520815.3.peg.1262
	Ec107-like	NC	fig|1855302.3.peg.1138
		na	fig|43305.5.peg.3631
	Ec107-like	NC	fig|411463.15.peg.1791
	Ec107-like	NC	fig|1235792.3.peg.3837
	Ec107-like	NC	fig|97139.3.peg.669
	Ec107-like	NC	fig|1291051.3.peg.1165
	Ec107-like	NC	fig|1532.6.peg.4793
	Ec107-like	NC	fig|1121114.4.peg.5478
	Ec107-like	NC	fig|1262776.3.peg.1908
	Ec107-like	NC	fig|1262792.3.peg.1164
		na	fig|1262995.3.peg.2852
	Ec107-like	NC	fig|537007.17.peg.3146
	Ec107-like	NC	fig|1965569.3.peg.1928
	Ec107-like	NC	fig|1952411.3.peg.2018
		NC	fig|1965578.3.peg.1947
	Ec107-like	NC	WP_001775049.1
		na	WP_012602583.1
	Ec107-like	NC	WP_015962464.1
		na	fig|1005999.3.peg.3342
	Ec107-like	NC	fig|1378073.3.peg.795
	Ec107-like	NC	fig|911023.3.peg.138
	Ec107-like	NC	fig|1834193.3.peg.4113
	Ec107-like	NC	fig|1649188.10.peg.406
	Ec107-like	NC	fig|1430899.3.peg.278
	Ec107-like	NC	fig|1211844.4.peg.748
		na	fig|1658109.3.peg.34
	Ec107-like	NC	fig|1262793.3.peg.950
	Ec107-like	NC	fig|1262908.3.peg.1120
		na	fig|1674844.3.peg.242
	Ec107-like	NC	fig|1410672.3.peg.2823
	Ec107-like	NC	fig|1947424.3.peg.1718
	Ec107-like	NC	fig|1265.9.peg.2602
	Ec107-like	NC	fig|1336236.3.peg.1817
	Ec107-like	NC	CDC65895.1
		NC	WP_092946213.1
			fig|1307.1644.peg.1532
 IV	 IV	826_1	WP_050516365.1
 IV	 IV	826_1	WP_097505494.1
 IV	 IV	826_1	fig|573.15585.peg.2343
 IV	 IV	826_1	WP_023581669.1
 IV	 IV	826_1	WP_079656969.1
 IV	 IV	826_1	WP_090085157.1
 IV	 IV	826_1	fig|573.15584.peg.1543
 IV	 IV	826_1	WP_023330997.1
 IV	 IV	826_1	fig|72407.673.peg.2552
 IV	 IV	826_1	CNM01182.1
 IV	 IV	826_1	CNG88012.1
 IV	 IV	826_1	fig|1925763.3.peg.649
 IV	 IV	826_1	PKW24121.1
 IV	 IV	826_1	WP_045597342.1
 IV	 IV	826_1	WP_098972386.1
 IV	 IV	826_1	WP_005172873.1
 IV	 IV	826_1	WP_052979504.1
 IV	 IV	np	WP_083069261.1
 IV		826_1	WP_053911905.1
 IV	 IV	826_1	fig|1916082.18.peg.39
 IV		826_1	WP_046555216.1
 IV	 IV	826_1	KPW01986.1
 IV		ni	WP_094277737.1
 IV	 IV	826_1	fig|1414654.3.peg.2005
 IV	 IV	826_1	WP_008133621.1
 IV		826_1	KQA22543.1
 IV	 IV	826_1	WP_000284440.1
 IV	 IV	826_1	WP_011261677.1
 IV		na	KEE40622.1
 IV		na	WP_012982829.1
 IV	 IV	826_1	ALL66139.1
 IV	 IV	826_1	WP_093223969.1
 IV	 IV	826_1	fig|2015553.3.peg.2940
 IV		826_1	WP_096082869.1
 IV	 IV	np	ONM67687.1
 IV	 IV	826_1	fig|316.213.peg.2906
 IV	 IV	826_1	WP_078734267.1
 IV	 IV	826_1	WP_079384669.1
 IV	 IV	826_1	WP_095948157.1
 IV	 IV	826_1	WP_011625020.1
 IV		826_1	WP_100292553.1
 IV	 IV	826_1	WP_055021484.1
 IV	 IV	826_1	PHS01491.1
 IV		826_1	fig|2024618.3.peg.1141
 IV		826_1	WP_114139108.1
 V	 V	85_1	WP_077749737.1
 V	 V	85_1	WP_078451378.1
 V	 V	85_1	WP_007245785.1
 V	 V	np	fig|316.280.peg.1454
 V	 V	85_1	WP_086822222.1
 V	 V	85_1	WP_073268605.1
 V	 V	85_1	WP_095280108.1
 V	 V	na	WP_095715328.1
 V	 V	na	WP_050111525.1
 V	 V	na	WP_013724211.1
 V		85_1	WP_021140819.1
 V	 V	85_1	fig|1094342.5.peg.1611
 V	 V	85_1	fig|1932666.4.peg.1886
 V	 V	85_1	WP_087148323.1
 V	 V	85_1	WP_064022638.1
 V	 V	85_1	PIY64876.1
 V	 V	85_1	WP_006710190.1
 V	 V	85_1	WP_045040928.1
 V		85_1	WP_054543201.1
 V	 V	85_1	WP_080540293.1
 V	 V	85_1	fig|2032624.3.peg.2540
 V	 V	85_1	KJT50308.1
 V		na	WP_005761319.1
 V	 V	85_1	ODQ05744.1
 V	 V	85_1	KKW01006.1
 V		np	KMZ12260.1
 V		85_1	SFQ04394.1
 V		85_1	WP_025373922.1
 V		85_1	WP_093341200.1
 V		85_1	WP_091453700.1
 VI		2_1	SAY51889.1
 VI		2_1	WP_065255232.1
 VI		2_1	WP_049330876.1
 VI		na	fig|1196095.197.peg.151
 VI		2_1	WP_072956843.1
 VI		np	fig|857087.3.peg.3286
 VI		2_1	fig|1952222.3.peg.1307
 VI		2_1	WP_039486261.1
 VI		2_1	WP_065545234.1
 VI		2_1	WP_033094845.1
 VI		2_1	WP_057552475.1
 VI		na	WP_004726393.1
 VI		2_1	fig|2020862.3.peg.1934
 VI		2_1	fig|624.1260.peg.1437
 VI		2_1	WP_011516221.1
 VI		np	fig|1947370.3.peg.1923
 VI		2_1	WP_038400955.1
 VI		na	fig|1951903.3.peg.117
 VI		2_1	WP_024914507.1
 VI		2_1	WP_042893228.1
 VI		2_1	WP_038238211.1
 VI		np	EXI65661.1
 VI		2_1	WP_016452106.1
 VI		2_1	WP_013517170.1
 VI		ni	OXC73828.1
 VI		2_1	AIO65205.1
 VI		2_1	WP_013234866.1
 VI		ni	WP_082884385.1
 VI		2_1	fig|2006849.4.peg.371
 VI		2_1	WP_074262787.1
 VI		2_1	WP_009906786.1
 VI		na	WP_022524328.1
 VI		2_1	WP_081817450.1
 VI		np	WP_020312233.1
 VI		np	KPY75916.1
 VI		np	fig|1793966.3.peg.180
 VI		np	fig|1891229.16.peg.2033
 VI		np	WP_099454886.1
 VI		np	WP_092400423.1
 VI		2_1	WP_012315430.1
 VI		2_1	WP_020799819.1
 VI		na	WP_004574016.1
 VI		np	fig|1435425.3.peg.787
 VI		np	WP_045490543.1
 VI		2_1	WP_011506503.1
 VI		np	fig|1609967.3.peg.3047
 VI		np	fig|1492738.3.peg.2698
 VI		2_1	WP_092849245.1
 VI		2_1	WP_025835957.1
 VI		2_1	fig|2025877.3.peg.668
 VI		np	fig|246787.6.peg.2081
 VI		np	fig|1339287.3.peg.1113
 VI		np	fig|1946017.3.peg.1516
 VI		2_1	WP_038655380.1
 VI		2_1	WP_093669272.1
 VI		2_1	WP_073241067.1
 VI		2_1	WP_096193803.1
 VI		na	WP_076357635.1
 VI		np	WP_073238193.1
 VI		na	WP_076451370.1
 VI		np	WP_091906542.1
 VI		2_1	WP_051365712.1
 VI		2_1	fig|1938609.3.peg.1765
 VI		2_1	SDJ72221.1
 VI		2_1	fig|1985174.3.peg.2584
 VI		2_1	WP_092737749.1
 VI		2_1	fig|192149.3.peg.42
 VI		np	fig|418630.3.peg.1685
 VI		2_1	fig|1915314.3.peg.3469
 VI		2_1	fig|2030815.3.peg.2725
 VI		2_1	fig|2035451.3.peg.4632
 VI		2_1	WP_043872258.1
 VI		2_1	WP_055683826.1
 VI		np	fig|1947537.3.peg.498
 VI		2_1	WP_069065961.1
 VI		2_1	WP_084280100.1
 VI		2_1	fig|1895845.3.peg.487
 VI		2_1	GAK73419.1
 VI		2_1	WP_090966398.1
 VI		2_1	WP_091860144.1
 VI		2_1	WP_085092006.1
 VI		2_1	fig|1528100.4.peg.28
 VI		2_1	fig|32057.3.peg.9515
 VI		2_1	fig|103690.10.peg.3571
 VI		na	fig|1137095.11.peg.15
 VI		2_1	CDZ48826.1
 VI		2_1	WP_072340070.1
 VI		2_1	OYR18277.1
 VI		2_1	WP_093509439.1
 VI		2_1	WP_081799025.1
 VI		2_1	PIY55545.1
 VI		2_1	SDT44912.1
 VI		na	WP_096350346.1
 VI		2_1	WP_074962594.1
 VI		2_1	WP_038724888.1
 VI		2_1	WP_012217410.1
 VI		2_1	WP_100428762.1
 VI		2_1	WP_082161008.1
 VI		2_1	AFL73219.1
 VI		na	WP_014427842.1
 VI		2_1	fig|364030.3.peg.3554
 VI		2_1	KGW20495.1
 VI		2_1	SFE83076.1
 VI		2_1	WP_013028226.1
 VI		2_1	WP_080311424.1
 VI		2_1	fig|337.13.peg.3872
 VI		2_1	WP_082643860.1
 VI		np	CKH90039.1
 VI		2_1	WP_083287254.1
 VI		2_1	WP_122648546.1
 VI		2_1	WP_082706753.1
 VI		2_1	WP_080936076.1
 VI		2_1	WP_000746343.1
 VI		np	EMX54653.1
 VI		2_1	WP_053270700.1
 VI		2_1	fig|1736224.3.peg.3731
 VI		np	fig|1175299.4.peg.709
 VI		np	WP_001461245.1
 VI		2_1	fig|617145.3.peg.3535
 VI		2_1	fig|1440054.3.peg.3851
 VI		2_1	fig|617135.3.peg.594
 VI		2_1	WP_023267764.1
 VI		2_1	fig|1481663.36.peg.3628
 VI		2_1	fig|670.893.peg.2716
 VI		2_1	fig|680.33.peg.5391
 VI		2_1	fig|298386.8.peg.4344
 VI		np	fig|663.73.peg.714
 VI		np	fig|1333511.3.peg.3208
 VI		2_1	WP_064574154.1
 VI		2_1	WP_064645509.1
 VI		2_1	fig|630.105.peg.4248
 VI		np	fig|400673.7.peg.1969
 VI		ni	WP_092678546.1
 VI		np	WP_069476513.1
 VI		na	fig|1267535.3.peg.2394
 VI		2_1	WP_000446053.1
 VI		2_1	fig|1948587.3.peg.786
 VI		np	WP_014949305.1
 VI		2_1	fig|1797397.3.peg.2386
 VI		2_1	fig|1386968.3.peg.847
 VI		na	WP_074900850.1
 VI		2_1	fig|1975705.3.peg.898
 VI		ni	WP_066184577.1
 VI		2_1	fig|1780380.4.peg.4010
 VI		2_1	fig|556261.3.peg.2546
 VI		2_1	fig|1193534.6.peg.2375
 VI		np	fig|1042163.3.peg.3771
 VI		2_1	WP_062492190.1
 VI		2_1	WP_081674606.1
 VI		2_1	WP_050781686.1
 VI		2_1	WP_021109137.1
 VI		2_1	WP_046309803.1
 VI		2_1	CBL03706.1
 VI		2_1	WP_090944285.1
 VI		2_1	WP_077305443.1
 VI		2_1	fig|410072.5.peg.40
 VI		2_1	WP_011669870.1
 VI		2_1	WP_015565235.1
 VI		np	CUO23478.1
 VI		np	WP_085748688.1
 VI		2_1	WP_093270014.1
 VI		ni	SHE86352.1
 VI		2_1	WP_000346292.1
 VI		2_1	WP_080465410.1
 VI		np	WP_080662531.1
 VI		2_1	WP_093131554.1
 VI		ni	WP_093336905.1
 VI		2_1	fig|1974627.3.peg.386
 VI		ni	fig|1802603.3.peg.453
 VI		na	fig|392734.5.peg.3006
 VI		np	AGL61879.1
 I-B2	 IB2 (Proteobacteria)	159_1	fig|319224.16.peg.2726
 I-B2	 IB2 (Proteobacteria)	159_1	fig|1720343.3.peg.1263
 I-B2	 IB2 (Proteobacteria)	159_1	fig|1136158.3.peg.3691
 I-B2	 IB2 (Proteobacteria)	159_1	fig|666.3017.peg.1000
 I-B2	 IB2 (Proteobacteria)	159_1	fig|1909458.3.peg.2277
 I-B2	 IB2 (Proteobacteria)	159_1	fig|1638949.3.peg.831
 I-B2	 IB2 (Proteobacteria)	159_1	fig|493915.3.peg.158
 I-B2	 IB2 (Proteobacteria)	159_1	BAC94535.1
 I-B2		159_1	fig|1191313.3.peg.1135
 I-B2	 IB2 (Proteobacteria)	159_1	fig|670.1244.peg.3807
 I-B2	 IB2 (Proteobacteria)	159_1	fig|1659714.3.peg.4264
 I-B2		159_1	fig|1192730.4.peg.1976
 I-B2	 IB2 (Proteobacteria)	159_1	fig|550.1216.peg.4296
 I-B2	 IB2 (Proteobacteria)	159_1	WP_072269713.1
 I-B2	 IB2 (Proteobacteria)	159_1	WP_053898075.1
 I-B2	 IB2 (Proteobacteria)	159_1	fig|624.1264.peg.1635
 I-B2	 IB2 (Proteobacteria)	159_1	fig|1181777.3.peg.78
 I-B2		159_1	fig|1802256.3.peg.310
 I-B2	 IB2 (Proteobacteria)	159_1	PHR73342.1
 I-B2		159_1	fig|2014260.3.peg.3813
 I-B2	 IB2 (Proteobacteria)	np	WP_042497590.1
 I-B2	 IB2 (Proteobacteria)	159_1	WP_063522799.1
 I-B2	 IB2 (Proteobacteria)	159_1	WP_004186757.1
 I-B2	 IB2 (Proteobacteria)	159_1	WP_040122746.1
 I-B2	 IB2 (Proteobacteria)	159_1	WP_086046550.1
 I-B2	 IB2 (Proteobacteria)	159_1	WP_063849005.1
 I-B2	 IB2 (Proteobacteria)	159_1	WP_023486614.1
 I-B2	 IB2 (Proteobacteria)	159_1	WP_070992278.1
 I-B2		na	fig|1005665.3.peg.2532
 I-B2	 IB2 (Proteobacteria)	159_1	fig|1219066.3.peg.3636
 I-B2	 IB2 (Proteobacteria)	159_1	fig|1225184.4.peg.1222
 I-B2	 IB2 (Proteobacteria)	159_1	fig|675814.3.peg.1256
 I-B2		159_1	SFR59865.1
 I-B2		159_1	fig|853.16.peg.1112
 I-B2		159_1	fig|1965572.3.peg.1423
 I-B2	 IB2 (Firmicutes)	159_1	fig|588581.3.peg.3589
 I-B2	 IB2 (Firmicutes)	159_1	fig|1396.1409.peg.4169
 I-B2	 IB2 (Firmicutes)	159_1	fig|1428.538.peg.4047
 I-B2	 IB2 (Firmicutes)	159_1	fig|1465.16.peg.946
 I-B2		na	WP_087385137.1
 I-B2		159_1	AIF42417.1
 I-B2		159_1	WP_076543941.1
 I-B2		159_1	fig|1121093.3.peg.3089
 I-B2	 IB2 (Firmicutes)	159_1	fig|29367.3.peg.2029
 I-B2		159_1	WP_089719707.1
 I-B2		159_1	fig|307249.3.peg.3585
 I-B2	 IB2 (Firmicutes)	159_1	WP_072949666.1
 I-B2	 IB2 (Firmicutes)	159_1	CCX81854.1
 I-B2	 IB2 (Firmicutes)	159_1	fig|1491.669.peg.2217
 I-B2	 IB2 (Firmicutes)	159_1	fig|1872455.3.peg.401
 VII-A1		RT-DUF3800	fig|576117.5.peg.4005
 VII-A1		RT-DUF3800	fig|1225647.3.peg.1829
 VII-A1		RT-DUF3800	fig|1380380.4.peg.1574
 VII-A1		RT-DUF3800	fig|293.7.peg.2956
 VII-A1		RT-DUF3800	WP_095437634.1
 VII-A1		RT-DUF3800	fig|1912891.7.peg.702
 VII-A1		RT-DUF3800	fig|1736574.3.peg.4024
 VII-A1		RT-DUF3800	fig|227946.13.peg.4105
 VII-A1		RT-DUF3800	fig|1761791.3.peg.4793
 VIII		2446	fig|1560195.5.peg.485
 VIII		2446	fig|1503054.43.peg.6257
 VIII		na	fig|1207504.10.peg.4279
 VIII		2446	WP_092172515.1
 VIII		2446	WP_074815429.1
 VII-A2		na	fig|150146.3.peg.3162
 VII-A2		na	fig|76832.8.peg.3775
 VII-A2		na	fig|1202724.3.peg.994
 VII-A2		na	fig|1805473.3.peg.3678
 VII-A2		2165	fig|253.33.peg.3826
 VII-A2		2165	WP_076561634.1
 VII-A2		2165	fig|2024823.3.peg.95
 VII-A2		na	fig|1250278.4.peg.3462
 VII-A2		2165	fig|1797342.3.peg.689
 VII-A2		2165	WP_084184261.1
 VII-A2		2165	fig|1948560.3.peg.3003
 III-A5		67_1	fig|1392.364.peg.2564
 III-A5		67_1	fig|872970.3.peg.1713
 III-A5		67_1	fig|1385514.3.peg.313
 III-A5		67_1	fig|76853.4.peg.2614
 III-A5		67_1	fig|1423774.3.peg.1262
 III-A5		113_2	fig|1410670.3.peg.2844
 III-A5		113_2	fig|169435.7.peg.1348
 III-A5		113_2	fig|1946597.3.peg.2104
 III-A5		113_2	fig|1948087.3.peg.796
 III-A5		113_2	fig|642492.3.peg.2638
 III-A5		113_2	fig|1950841.3.peg.2383
 IX	 IX	np	fig|555512.3.peg.1251
 IX	 IX	np	fig|383381.3.peg.2538
 IX		na	WP_081629462.1
 IX	 IX	np	fig|1736258.3.peg.3392
 IX		1740_1	fig|1950192.3.peg.426
 IX	 IX	1740_1	fig|170623.6.peg.4661
 IX	 IX	1740_1	fig|170623.7.peg.704
 IX	 IX	np	fig|1981099.3.peg.513
 IX	 IX	np	fig|1250539.3.peg.3491
 IX	 IX	np	fig|1947582.3.peg.2979
 IX	 IX	1740_1	fig|1909294.17.peg.3456
 IX		1740_1	fig|1735583.3.peg.1657
 IX	 IX	1740_1	fig|670.1220.peg.4688
 IX	 IX	np	fig|1004786.3.peg.925
 IX	 IX	1740_1	fig|2013797.3.peg.2109
 IX	 IX	1740_1	fig|1948580.3.peg.3400
 IX	 IX	1740_1	fig|1714300.3.peg.306
 IX	 IX	1740_1	fig|1961547.3.peg.1371
 IX	 IX	1740_1	fig|441162.10.peg.6621
 IX	 IX	1740_1	fig|615.307.peg.4666
 IX	 IX	np	fig|631.3.peg.1883
 IX	 IX	1740_1	fig|1763535.3.peg.1547
 IX	 IX	1740_1	fig|43263.5.peg.2702
 IX	 IX	1740_1	fig|244366.46.peg.3595
 IX	 IX	1740_1	fig|1224150.8.peg.3856
 IX	 IX	np	fig|61645.10.peg.2019
 X		2273_1	fig|1948706.3.peg.2225
 X		2273_1	fig|2026771.13.peg.1697
 X		2273_1	fig|2026771.11.peg.1955
 X		2273_1	fig|2026772.5.peg.424
 X		2273_1	fig|2026801.20.peg.1798
 X		2273_1	fig|2026801.14.peg.1176
 X		2273_1	fig|1951369.3.peg.1157
 X		np	fig|1977087.12.peg.1918
 X		2273_1	fig|2026779.14.peg.4171
 X		2273_1	fig|2026779.28.peg.3264
 X		2273_1	fig|2026779.30.peg.3181
 X		2273_1	fig|2026779.29.peg.2310
 I-C1		RT-Toprim (DXD)	fig|1797235.3.peg.3
 I-C1	 IC	RT-Toprim (DXD)	fig|316.284.peg.937
 I-C1	 IC	RT-Toprim (DXD)	fig|296.11.peg.442
 I-C1	 IC	RT-Toprim (DXD)	fig|1981714.3.peg.993
 I-C1	 IC	RT-Toprim (DXD)	fig|50340.44.peg.6020
 I-C1	 IC	RT-Toprim (DXD)	fig|1761897.3.peg.509
 I-C1	 IC	RT-Toprim (DXD)	fig|1402514.3.peg.154
 I-C1	 IC	RT-Toprim (DXD)	fig|1938440.3.peg.5997
 I-C1		na	fig|1566250.3.peg.959
 I-C1	 IC	RT-Toprim (DXD)	fig|316.357.peg.479
 I-C1	 IC	RT-Toprim (DXD)	fig|287.4433.peg.2945
 I-C1	 IC	RT-Toprim (DXD)	fig|1970515.3.peg.709
 I-C1	 IC	RT-Toprim (DXD)	fig|95486.85.peg.1748
 I-C1	 IC	RT-Toprim (DXD)	fig|292.61.peg.8104
 I-C1	 IC	RT-Toprim (DXD)	fig|1408450.3.peg.3766
 I-C1		na	fig|157910.3.peg.5727
 I-C1	 IC	RT-Toprim (DXD)	fig|279058.16.peg.4239
 I-C1		RT-Toprim (DXD)	fig|1537272.3.peg.1916
 I-C1		RT-Toprim (DXD)	fig|1218081.3.peg.1751
 I-C1	 IC	RT-Toprim (DXD)	fig|573.14059.peg.3113
 I-C1		RT-Toprim (DXD)	fig|40324.192.peg.51
 I-C1	 IC	RT-Toprim (DXD)	fig|1219041.3.peg.4613
 I-C1	 IC	RT-Toprim (DXD)	fig|1561196.3.peg.560
 I-C1	 IC	RT-Toprim (DXD)	fig|1882750.3.peg.1035
 I-C1	 IC	RT-Toprim (DXD)	fig|1736266.3.peg.1145
 I-C1	 IC	RT-Toprim (DXD)	fig|2015350.3.peg.1640
 I-C1	 IC	RT-Toprim (DXD)	fig|58133.4.peg.815
 I-C1		na	fig|1691980.3.peg.1912
 I-C1	 IC	RT-Toprim (DXD)	fig|305.393.peg.1023
 I-C1	 IC	RT-Toprim (DXD)	fig|56449.3.peg.3604
 I-C1		RT-Toprim (DXD)	fig|1281282.5.peg.1894
 I-C1	 IC	RT-Toprim (DXD)	fig|40324.334.peg.1103
 I-C1	 IC	RT-Toprim (DXD)	fig|1349793.3.peg.2529
 I-C1	 IC	RT-Toprim (DXD)	fig|1842727.3.peg.1491
 I-C1		na	fig|1619952.3.peg.5158
 I-C1	 IC	RT-Toprim (DXD)	fig|1970380.3.peg.1914
 I-C1	 IC	na	fig|2015568.3.peg.2963
 I-C1		na	fig|1752215.3.peg.2312
 I-C1	 IC	RT-Toprim (DXD)	fig|1706231.5.peg.3125
 I-C1	 IC	RT-Toprim (DXD)	fig|2013716.3.peg.2169
 I-C1		RT-Toprim (DXD)	fig|1946997.3.peg.3049
 I-C1		RT-Toprim (DXD)	fig|765913.3.peg.2527
 I-C1	 IC	RT-Toprim (DXD)	fig|1743159.3.peg.1891
 I-C1		RT-Toprim (DXD)	fig|1597955.3.peg.3923
 I-C1	 IC	RT-Toprim (DXD)	fig|1184267.3.peg.1626
 I-C1	 IC	RT-Toprim (DXD)	fig|101571.190.peg.3007
 I-C1	 IC	RT-Toprim (DXD)	fig|123899.5.peg.1710
 I-C1	 IC	RT-Toprim (DXD)	fig|463035.3.peg.3900
 I-C1	 IC	RT-Toprim (DXD)	fig|1395608.4.peg.211
 I-C1	 IC	RT-Toprim (DXD)	fig|1947379.3.peg.2784
 I-C1		RT-Toprim (DXD)	WP_074294985.1
 I-C1		RT-Toprim (DXD)	fig|1324617.3.peg.820
 I-C1	 IC	RT-Toprim (DXD)	fig|80868.3.peg.3458
 I-C1	 IC	RT-Toprim (DXD)	fig|1388764.3.peg.1840
 I-C1	 IC	RT-Toprim (DXD)	fig|251747.15.peg.4695
 I-C1	 IC	RT-Toprim (DXD)	fig|670.1020.peg.382
 I-C1	 IC	RT-Toprim (DXD)	fig|1055803.3.peg.1434
 I-C1	 IC	RT-Toprim (DXD)	fig|1201036.3.peg.177
 I-C1	 IC	RT-Toprim (DXD)	fig|1220581.4.peg.1434
 I-C1	 IC	RT-Toprim (DXD)	fig|398.6.peg.6695
 I-C1	 IC	RT-Toprim (DXD)	fig|931866.6.peg.8184
 I-C1	 IC	RT-Toprim (DXD)	fig|142585.3.peg.1658
 I-C1	 IC	RT-Toprim (DXD)	fig|1082933.13.peg.1537
 I-C1	 IC	RT-Toprim (DXD)	fig|1768789.3.peg.791
 I-C1		RT-Toprim (DXD)	fig|1381123.3.peg.3819
 I-C1		RT-Toprim (DXD)	fig|1297570.3.peg.1970
 I-C1	 IC	RT-Toprim (DXD)	fig|935546.3.peg.3816
 I-C1	 IC	RT-Toprim (DXD)	fig|1128253.3.peg.1960
 I-C1		RT-Toprim (DXD)	fig|1444315.4.peg.3983
 I-C1		RT-Toprim (DXD)	fig|1185327.3.peg.1608
 I-C1		RT-Toprim (DXD)	fig|1881043.3.peg.2597
 I-C1		RT-Toprim (DXD)	ALN84423.1
 I-C1		RT-Toprim (DXD)	fig|56460.15.peg.1977
 I-C1	 IC	RT-Toprim (DXD)	fig|1317116.6.peg.2759
 I-C1	 IC	RT-Toprim (DXD)	fig|564137.3.peg.4320
 I-C1	 IC	RT-Toprim (DXD)	fig|1952800.3.peg.3583
 I-C1		na	fig|218673.12.peg.3041
 I-C1	 IC	RT-Toprim (DXD)	fig|1912092.3.peg.2119
 I-C1	 IC	RT-Toprim (DXD)	fig|1736558.3.peg.5006
 I-C1	 IC	RT-Toprim (DXD)	fig|91360.5.peg.3717
 I-C1	 IC	RT-Toprim (DXD)	fig|1948756.3.peg.2576
 I-C1		RT-Toprim (DXD)	fig|1855322.3.peg.103
 I-C1	 IC	RT-Toprim (DXD)	fig|1437360.11.peg.2429
 I-C1		RT-Toprim (DXD)	fig|1871052.3.peg.1026
 I-C1		RT-Toprim (DXD)	fig|1038860.3.peg.8756
 I-C1	 IC	RT-Toprim (DXD)	fig|1898112.54.peg.3758
 I-C1		RT-Toprim (DXD)	fig|1660129.3.peg.4854
 I-C1	 IC	RT-Toprim (DXD)	fig|1482074.3.peg.4109
 I-C1		RT-Toprim (DXD)	fig|1970306.3.peg.552
 I-C1		RT-Toprim (DXD)	fig|1686310.5.peg.1409
 I-C1		RT-Toprim (DXD)	fig|1798192.3.peg.1953
 I-C1		RT-Toprim (DXD)	fig|1235461.17.peg.11
 I-C1		RT-Toprim (DXD)	fig|442.12.peg.222
 I-C1	 IC	RT-Toprim (DXD)	fig|1938607.3.peg.1954
 I-C1	 IC	RT-Toprim (DXD)	fig|1231624.3.peg.39
 I-C1		RT-Toprim (DXD)	fig|1121271.3.peg.4112
 I-C1	 IC	RT-Toprim (DXD)	fig|33059.16.peg.1690
 I-C1	 IC	RT-Toprim (DXD)	fig|502025.10.peg.925
 I-C1		na	fig|1734406.3.peg.691
 I-C1		RT-Toprim (DXD)	fig|1979207.3.peg.4304
 I-C1		RT-Toprim (DXD)	fig|1953057.3.peg.74
 I-C1		RT-Toprim (DXD)	fig|858423.3.peg.10004
 I-C1		RT-Toprim (DXD)	fig|267128.3.peg.2015
 I-C1		RT-Toprim (DXD)	fig|582667.3.peg.5553
 I-C1	 IC	RT-Toprim (DXD)	fig|1187852.3.peg.2712
 I-C1	 IC	RT-Toprim (DXD)	fig|582675.3.peg.1247
 I-C1	 IC	RT-Toprim (DXD)	fig|1951640.3.peg.515
 I-C1	 IC	RT-Toprim (DXD)	fig|1948417.4.peg.1606
 I-C1	 IC	RT-Toprim (DXD)	fig|45074.5.peg.981
 I-C1	 IC	RT-Toprim (DXD)	fig|1434232.4.peg.2927
 I-C1		RT-Toprim (DXD)	fig|1945950.3.peg.3568
 I-C1	 IC	RT-Toprim (DXD)	fig|106654.22.peg.994
 I-C1	 IC	RT-Toprim (DXD)	fig|1977883.3.peg.3023
 I-C1	 IC	RT-Toprim (DXD)	fig|1945948.3.peg.700
 I-C1	 IC	RT-Toprim (DXD)	fig|1226327.3.peg.2796
 I-C1		RT-Toprim (DXD)	fig|1879049.4.peg.5949
 I-C1		RT-Toprim (DXD)	fig|1945955.3.peg.1951
 I-C1		RT-Toprim (DXD)	fig|1675530.3.peg.2149
 I-C1	 IC	RT-Toprim (DXD)	fig|1310638.3.peg.1006
 I-C1	 IC	RT-Toprim (DXD)	fig|1400001.4.peg.34
 I-C1		RT-Toprim (DXD)	fig|1132496.5.peg.136
 I-C1	 IC	RT-Toprim (DXD)	fig|1908263.4.peg.2604
 I-C1	 IC	RT-Toprim (DXD)	fig|375432.4.peg.200
 I-C1	 IC	RT-Toprim (DXD)	fig|400668.8.peg.3776
 I-C1	 IC	RT-Toprim (DXD)	fig|1913989.193.peg.841
 I-C1	 IC	RT-Toprim (DXD)	fig|856793.5.peg.1975
 I-C1	 IC	RT-Toprim (DXD)	SBW23286.1
 I-C1	 IC	RT-Toprim (DXD)	fig|1736225.3.peg.985
 I-C1	 IC	RT-Toprim (DXD)	fig|29486.12.peg.818
 I-C1	 IC	RT-Toprim (DXD)	fig|914128.3.peg.2502
 I-C1	 IC	RT-Toprim (DXD)	fig|1796497.3.peg.952
 I-C1		RT-Toprim (DXD)	fig|1095649.3.peg.3298
 I-C1		na	fig|137584.4.peg.1627
 I-C1	 IC	RT-Toprim (DXD)	fig|173990.3.peg.1773
 I-C1	 IC	RT-Toprim (DXD)	fig|1720343.3.peg.3189
 I-C1	 IC	RT-Toprim (DXD)	fig|1202962.4.peg.1481
 I-C1	 IC	RT-Toprim (DXD)	fig|669.50.peg.2993
 I-C1	 IC	RT-Toprim (DXD)	fig|691.32.peg.1517
 I-C1	 IC	RT-Toprim (DXD)	fig|156578.3.peg.2521
 I-C1	 IC	RT-Toprim (DXD)	fig|661.14.peg.380
 I-C1	 IC	RT-Toprim (DXD)	fig|654.94.peg.1733
 I-C1	 IC	RT-Toprim (DXD)	fig|703.9.peg.319
 I-C1	 IC	RT-Toprim (DXD)	fig|589873.36.peg.1971
 I-C1	 IC	RT-Toprim (DXD)	fig|28107.3.peg.3571
 I-C1	 IC	RT-Toprim (DXD)	fig|1547444.3.peg.4264
 I-C1	 IC	RT-Toprim (DXD)	fig|629266.7.peg.847
 I-C1	 IC	RT-Toprim (DXD)	fig|251722.19.peg.4059
 I-C1	 IC	RT-Toprim (DXD)	fig|587851.4.peg.1470
 I-C1	 IC	RT-Toprim (DXD)	fig|1265490.3.peg.2330
 I-C1	 IC	RT-Toprim (DXD)	fig|316.101.peg.3534
 I-C1	 IC	RT-Toprim (DXD)	fig|1916993.3.peg.4917
 I-C1	 IC	RT-Toprim (DXD)	fig|1628833.3.peg.2448
 I-C1	 IC	RT-Toprim (DXD)	fig|1283291.4.peg.1991
 I-C1		RT-Toprim (DXD)	fig|83963.5.peg.3885
 I-C1	 IC	RT-Toprim (DXD)	fig|1206777.3.peg.4334
 I-C1	 IC	RT-Toprim (DXD)	fig|113268.3.peg.3785
 I-C1	 IC	RT-Toprim (DXD)	fig|1131284.3.peg.1562
 I-C1	 IC	RT-Toprim (DXD)	fig|2026807.7.peg.2258
 I-C1	 IC	RT-Toprim (DXD)	fig|281689.4.peg.2060
 I-C1	 IC	RT-Toprim (DXD)	fig|1188231.4.peg.1200
 I-C1		RT-Toprim (DXD)	fig|1367489.3.peg.682
 I-C1	 IC	RT-Toprim (DXD)	fig|1873135.3.peg.4249
 I-C1	 IC	RT-Toprim (DXD)	fig|663.73.peg.2465
 I-C1	 IC	RT-Toprim (DXD)	fig|1588629.3.peg.1134
 I-C1	 IC	RT-Toprim (DXD)	fig|1121922.3.peg.3454
 I-C1	 IC	RT-Toprim (DXD)	fig|351745.9.peg.2506
 I-C1	 IC	RT-Toprim (DXD)	fig|29497.20.peg.3798
 I-C1		RT-Toprim (DXD)	fig|1367486.3.peg.187
 I-C1	 IC	RT-Toprim (DXD)	fig|511062.4.peg.1890
 I-C1	 IC	RT-Toprim (DXD)	fig|654.12.peg.188
 I-C1	 IC	RT-Toprim (DXD)	fig|29497.21.peg.4482
 I-C1	 IC	RT-Toprim (DXD)	fig|1659713.3.peg.560
 I-C1	 IC	RT-Toprim (DXD)	fig|1124991.3.peg.3617
 I-C1	 IC	RT-Toprim (DXD)	fig|104623.3.peg.1381
 I-C1	 IC	RT-Toprim (DXD)	fig|1256989.3.peg.902
 I-C1	 IC	RT-Toprim (DXD)	fig|1125694.3.peg.1143
 I-C1	 IC	RT-Toprim (DXD)	fig|574096.6.peg.2693
 I-C1	 IC	RT-Toprim (DXD)	fig|1095774.3.peg.2623
 I-C1	 IC	RT-Toprim (DXD)	fig|869692.4.peg.2910
 I-C1	 IC	RT-Toprim (DXD)	WP_140159440.1
 I-C1	 IC	RT-Toprim (DXD)	fig|550.437.peg.1444
 I-C1	 IC	RT-Toprim (DXD)	fig|573.13605.peg.2600
 I-C1	 IC	RT-Toprim (DXD)	fig|550.285.peg.3783
 I-C1	 IC	RT-Toprim (DXD)	fig|1265672.3.peg.3869
 I-C1	 IC	RT-Toprim (DXD)	fig|573.10028.peg.542
 I-C1	 IC	RT-Toprim (DXD)	fig|749537.3.peg.218
 I-C1	 IC	RT-Toprim (DXD)	ANK06786.1
 I-C1	 IC	RT-Toprim (DXD)	fig|670.880.peg.975
 I-C1		RT-Toprim (DXD)	fig|1192730.4.peg.3
 I-C1	 IC	RT-Toprim (DXD)	fig|1224144.4.peg.4030
 I-C1		na	fig|568766.10.peg.2937
 I-C1	 IC	RT-Toprim (DXD)	fig|1076549.3.peg.4260
 I-C1	 IC	RT-Toprim (DXD)	fig|548.102.peg.3401
 I-C1	 IC	RT-Toprim (DXD)	fig|630.90.peg.1795
 I-C2	 IC	RT-Toprim (DXE)	fig|79883.5.peg.266
 I-C2	 IC	RT-Toprim (DXE)	fig|180861.3.peg.3762
 I-C2	 IC	RT-Toprim (DXE)	fig|1390.157.peg.339
 I-C2	 IC	RT-Toprim (DXE)	fig|293386.15.peg.304
 I-C2	 IC	RT-Toprim (DXE)	fig|1053181.3.peg.3820
 I-C2	 IC	RT-Toprim (DXE)	fig|1884375.3.peg.681
 I-C2	 IC	RT-Toprim (DXE)	fig|334735.5.peg.923
 I-C2	 IC	RT-Toprim (DXE)	fig|79884.3.peg.1120
 I-C2	 IC	RT-Toprim (DXE)	fig|1628206.3.peg.4802
 I-C2	 IC	RT-Toprim (DXE)	fig|1396.1605.peg.6235
 I-C2	 IC	RT-Toprim (DXE)	fig|182710.3.peg.317
 I-C2	 IC	RT-Toprim (DXE)	fig|860.10.peg.486
 I-C2	 IC	RT-Toprim (DXE)	fig|1855308.3.peg.1467
 I-C2	 IC	RT-Toprim (DXE)	fig|931626.3.peg.151
 I-C2	 IC	RT-Toprim (DXE)	fig|1965575.3.peg.2547
 I-C2	 IC	RT-Toprim (DXE)	fig|1352.2757.peg.71
 I-C2	 IC	RT-Toprim (DXE)	fig|1299895.3.peg.900
 I-C2	 IC	RT-Toprim (DXE)	fig|53346.29.peg.1591
 I-C2	 IC	RT-Toprim (DXE)	fig|1649188.10.peg.1545
 I-C2	 IC	RT-Toprim (DXE)	fig|158847.6.peg.432
 I-C2	 IC	RT-Toprim (DXE)	fig|1121289.3.peg.2775
 I-C2	 IC	RT-Toprim (DXE)	fig|1950885.3.peg.858
 I-C2	 IC	RT-Toprim (DXE)	fig|1965576.3.peg.1978
 I-C2		RT-Toprim (DXE)	fig|1952416.3.peg.1629
 I-C2	 IC	RT-Toprim (DXE)	fig|1262803.3.peg.8
 I-C2	 IC	RT-Toprim (DXE)	fig|28037.216.peg.60
 I-C2	 IC	RT-Toprim (DXE)	fig|1074052.3.peg.33
 I-C2	 IC	RT-Toprim (DXE)	fig|1304.207.peg.1536
 I-C2	 IC	RT-Toprim (DXE)	fig|1154859.3.peg.955
 I-C2	 IC	RT-Toprim (DXE)	fig|1080071.3.peg.332
 I-C2	 IC	RT-Toprim (DXE)	fig|1139219.3.peg.2194
 I-C2	 IC	RT-Toprim (DXE)	fig|1834176.3.peg.811
 I-C2	 IC	RT-Toprim (DXE)	fig|1622.15.peg.947
 I-C2	 IC	RT-Toprim (DXE)	fig|565651.6.peg.1942
 I-C2	 IC	RT-Toprim (DXE)	fig|1473546.3.peg.703
 I-C2		na	fig|37734.13.peg.137
 I-C2	 IC	RT-Toprim (DXE)	fig|492670.92.peg.623
 I-C2	 IC	RT-Toprim (DXE)	fig|1639.1907.peg.2641
 I-C2	 IC	RT-Toprim (DXE)	fig|1123489.3.peg.170
 I-C2	 IC	RT-Toprim (DXE)	fig|1280687.3.peg.1880
 I-C2	 IC	RT-Toprim (DXE)	fig|1262889.3.peg.680
 I-C2	 IC	RT-Toprim (DXE)	fig|1235800.3.peg.2226
 I-C2	 IC	RT-Toprim (DXE)	fig|1897035.3.peg.445
 I-C2	 IC	RT-Toprim (DXE)	fig|199.588.peg.774
 I-C2	 IC	RT-Toprim (DXE)	fig|1111133.4.peg.219
 I-C2	 IC	RT-Toprim (DXE)	fig|936589.3.peg.875
 I-C2		na	WP_070600378.1
 I-C2	 IC	RT-Toprim (DXE)	fig|1896998.3.peg.1750
 I-C2	 IC	RT-Toprim (DXE)	fig|41170.3.peg.3013
 I-C2	 IC	RT-Toprim (DXE)	fig|59620.44.peg.897
 I-C2		na	fig|1262843.3.peg.313
 I-C2		na	fig|1262834.3.peg.1287
 I-C2	 IC	na	fig|1256219.3.peg.760
 I-C2	 IC	na	fig|115778.31.peg.1994
 I-C2	 IC	na	fig|29385.174.peg.531
 I-C2	 IC	na	fig|1295.21.peg.75
 I-C2	 IC	na	fig|148814.13.peg.1360
 I-C2	 IC	na	fig|1282.1242.peg.673
 I-C2	 IC	na	fig|1581078.3.peg.1186
 I-C2	 IC	RT-Toprim (DXE)	fig|1891097.3.peg.280
 I-C2		na	WP_080703103.1
 I-C2	 IC	RT-Toprim (DXE)	fig|1214184.3.peg.1129
 I-C2		RT-Toprim (DXE)	fig|1154771.3.peg.209
 I-C2	 IC	RT-Toprim (DXE)	fig|1415765.3.peg.1578
 I-C2	 IC	RT-Toprim (DXE)	fig|1581074.3.peg.720
 I-C2	 IC	RT-Toprim (DXE)	fig|1349.233.peg.712
 I-C2	 IC	RT-Toprim (DXE)	fig|1946281.3.peg.392
 I-C2	 IC	RT-Toprim (DXE)	fig|1328309.5.peg.1889
 I-C2	 IC	RT-Toprim (DXE)	fig|1214190.3.peg.2034
 I-C2	 IC	RT-Toprim (DXE)	fig|29385.135.peg.2098
 I-C2	 IC	RT-Toprim (DXE)	fig|1715184.3.peg.1265
 XI		RT-Protease	fig|1881068.3.peg.2940
 XI		RT-Protease	fig|1522072.3.peg.3829
 XI		RT-Protease	fig|1802172.3.peg.237
 XI		RT-Protease	fig|1128204.3.peg.2189
 XI		RT-Protease	fig|1708715.5.peg.4517
 XI		RT-Protease	fig|195105.3.peg.2062
 XI		RT-Protease	fig|1283312.3.peg.4182
 XI		RT-Protease	fig|1120654.4.peg.406
 XI		RT-Protease	fig|529.36.peg.3144
 XI		RT-Protease	fig|1194716.3.peg.4774
 XI		RT-Protease	fig|1660088.4.peg.2967
 XI		np	fig|1951259.3.peg.2515
 XI		RT-Protease	fig|1912891.5.peg.2102
 XI		RT-Protease	fig|1670800.3.peg.1844
 XI		RT-Protease	fig|2032658.3.peg.157
 XI		RT-Protease	fig|1819565.5.peg.2208
 XI		RT-Protease	fig|1245469.3.peg.1160
 XI		RT-Protease	fig|1615890.4.peg.173
 XI		RT-Protease	fig|56454.3.peg.3464
 XI		RT-Protease	fig|40324.384.peg.1060
 XI		RT-Protease	fig|1801972.3.peg.1832
 XI		RT-Protease	fig|1978765.3.peg.3488
 XI		np	fig|2009322.3.peg.2770
 XI		RT-Protease	fig|1325564.3.peg.3733
 XII		RT-TIR	fig|43662.9.peg.1688
 XII		RT-TIR	fig|670.134.peg.4439
 XII		RT-TIR	fig|998520.3.peg.3325
 XII		RT-TIR	fig|1723759.3.peg.401
 XII		RT-TIR	fig|672.133.peg.585
 XII		RT-TIR	fig|1324960.19.peg.585
 XII		RT-TIR	fig|196024.16.peg.3965
 XII		RT-TIR	fig|654.27.peg.4266
 XII		RT-TIR	fig|1802253.3.peg.1045
 XII		RT-TIR	fig|636.16.peg.3905
 XII		RT-TIR	fig|1124958.3.peg.5012
 XII		RT-TIR	fig|573.10007.peg.225
 XII		RT-TIR	fig|1946737.3.peg.4002
 XII		RT-TIR	fig|1398203.3.peg.3712
 XII		RT-TIR	fig|615.247.peg.2151
 XII		RT-TIR	fig|52441.3.peg.3752
 XII		RT-TIR	fig|1951948.3.peg.242
 XI		RT-Protease	fig|165186.29.peg.27
 XI		RT-Protease	fig|2013842.3.peg.1881
 XI		RT-Protease	fig|411484.7.peg.436
 XI		RT-Protease	fig|460384.4.peg.447
 XI		RT-Protease	fig|1761781.3.peg.2961
 XI		RT-Protease	fig|1451.25.peg.614
 XI		RT-Protease	fig|1776378.3.peg.2009
 XI		RT-Protease	fig|1866315.3.peg.2122
 XI		RT-Protease	fig|1034836.4.peg.4077
 XI		RT-Protease	fig|1397.14.peg.5097
 XI		RT-Protease	fig|1497681.5.peg.772
 XI		RT-Protease	fig|1053224.3.peg.4333
 XI		RT-Protease	fig|1374.4.peg.2798
 XI		RT-Protease	fig|458233.11.peg.419
 XI		RT-Protease	fig|417368.6.peg.944
 XI		RT-Protease	fig|1353.16.peg.736
 XI		RT-Protease	fig|1639.1307.peg.2578
 XI		RT-Protease	fig|1649188.4.peg.450
 XI		RT-Protease	fig|333990.5.peg.1279
 XI		RT-Protease	fig|1121085.3.peg.4805
 XI		RT-Protease	fig|659243.6.peg.1163
 I-C3		RT-Toprim (DXD)	fig|1965645.3.peg.1428
 I-C3		RT-Toprim (DXD)	fig|1950664.3.peg.363
 I-C3		na	fig|681398.3.peg.1596
 I-C3		RT-Toprim (DXD)	fig|1947481.3.peg.1596
 I-C3		RT-Toprim (DXD)	fig|1946424.3.peg.2345
 I-C3		RT-Toprim (DXD)	fig|188932.3.peg.968
 I-C3		RT-Toprim (DXD)	fig|505249.7.peg.1802
 I-C3		RT-Toprim (DXD)	fig|1802259.3.peg.374
 I-C3		RT-Toprim (DXD)	fig|1872629.13.peg.663
 I-C3		RT-Toprim (DXD)	fig|497650.4.peg.949
 XII		RT-TIR	fig|1981711.3.peg.707
 XII		RT-TIR	fig|287.926.peg.3808
 XII		RT-TIR	fig|157782.3.peg.183
 XII		RT-TIR	fig|1225174.5.peg.576
 XII		RT-TIR	fig|237610.8.peg.4301
 XII		RT-TIR	fig|1116369.3.peg.182
 XII		na	WP_080858354.1
 XII		RT-TIR	fig|1679460.3.peg.2715
 XII		na	fig|1811547.3.peg.510
 XII		RT-TIR	fig|93684.8.peg.518
 XII		RT-TIR	EMZ69714.1
 XII		RT-TIR	fig|103796.87.peg.3165
 XII		RT-TIR	WP_078828851.1
 XII		RT-TIR	fig|2018067.3.peg.1734
 XII		RT-TIR	fig|294.255.peg.5151
 XII		RT-TIR	fig|287.4271.peg.5445
 XII		RT-TIR	fig|46677.3.peg.3237
 XII		RT-TIR	fig|83964.10.peg.849
 XII		RT-TIR	fig|1932113.4.peg.2793
 XII		RT-TIR	fig|1712677.3.peg.189
 XII		RT-TIR	fig|1479235.3.peg.2741
 XII		RT-TIR	fig|227946.12.peg.3247
 XII		RT-TIR	fig|40324.220.peg.2801
 XII		RT-TIR	fig|227946.13.peg.35
 XII		RT-TIR	fig|487909.15.peg.4212
 XII		RT-TIR	fig|40324.145.peg.2120
 XII		RT-TIR	fig|1182783.3.peg.8
 XII		RT-TIR	fig|1736581.3.peg.4144
 XII		RT-TIR	fig|470.4256.peg.2128
 XII		na	fig|1804984.3.peg.4735
 XII		RT-TIR	fig|1882792.3.peg.5959
 XII		RT-TIR	fig|1458357.5.peg.7849
 XI		RT-Protease	fig|674703.3.peg.3992
 XI		RT-Protease	fig|1230476.3.peg.595
 XI		RT-Protease	fig|1752222.3.peg.1730
 XI		RT-Protease	fig|1948848.3.peg.320
 XI		RT-Protease	fig|1860092.3.peg.3966
 XI		RT-Protease	fig|398.7.peg.3301
 XI		RT-Protease	fig|418630.3.peg.960
 XI		RT-Protease	fig|56.40.peg.5712
 XI		RT-Protease	fig|1660160.3.peg.2510
 XI		RT-Protease	fig|1661042.3.peg.2224
 XI		RT-Protease	fig|1712678.3.peg.4198
 XI		RT-Protease	fig|1736561.3.peg.128
 XI		RT-Protease	fig|76760.8.peg.1730
 XI		RT-Protease	fig|1295133.4.peg.7170
 XI		RT-Protease	fig|1718917.3.peg.3132
 XI		RT-Protease	fig|237306.3.peg.591
 XI		RT-Protease	fig|1079060.3.peg.1479
 XI		RT-Protease	fig|1981714.3.peg.1068
 XI		RT-Protease	fig|1419583.3.peg.4516
 XI		RT-Protease	fig|1718918.3.peg.4166
 XI		RT-Protease	fig|64988.7.peg.76
 XI		RT-Protease	fig|1961564.3.peg.685
 XI		RT-Protease	fig|2004648.3.peg.1747
 XI		RT-Protease	fig|1080187.3.peg.399
 XI		RT-Protease	fig|76114.8.peg.258
 XI		RT-Protease	fig|196367.9.peg.6286
 XI		RT-Protease	fig|1217418.3.peg.694
 XI		RT-Protease	fig|1752216.3.peg.4007
 XI		RT-Protease	fig|1249621.3.peg.3614
 XI		RT-Protease	fig|179879.8.peg.6514
 XI		RT-Protease	fig|1246301.3.peg.4482
 XI		RT-Protease	WP_092746164.1
 XI		np	fig|536.30.peg.857
 XI		RT-Protease	fig|1961112.3.peg.115
 XI		RT-Protease	fig|44574.5.peg.4575
 XI		RT-Protease	fig|265901.4.peg.190
 XI		RT-Protease	fig|80852.21.peg.1289
 XI		RT-Protease	fig|1136159.3.peg.2534
 XI		RT-Protease	fig|24.6.peg.4539
 XI		RT-Protease	fig|888433.3.peg.1974
 XI		RT-Protease	fig|196024.6.peg.3651
 XI		RT-Protease	fig|1352943.3.peg.5028
 XI		RT-Protease	WP_088124663.1
 XI		RT-Protease	fig|29497.15.peg.1220
 XI		RT-Protease	fig|670.413.peg.1227
 XI		RT-Protease	fig|584.91.peg.3337
 XI		RT-Protease	fig|263819.5.peg.201
 XI		RT-Protease	fig|1656094.3.peg.1449
 XI		RT-Protease	fig|634.5.peg.607
 XI		RT-Protease	fig|630.85.peg.4080
 XI		RT-Protease	fig|1212491.3.peg.1847
 XI		RT-Protease	fig|1498499.3.peg.2812
 XI		RT-Protease	fig|1844092.4.peg.3143
 XI		RT-Protease	fig|1441629.3.peg.2119
 XI		RT-Protease	WP_092369835.1
 XI		RT-Protease	fig|477228.3.peg.2040
 XI		RT-Protease	fig|317.249.peg.4299
 XI		RT-Protease	fig|1597.16.peg.2055
 III-A3	 IIIIA3	67_3	fig|1184720.6.peg.2708
 III-A3	 IIIIA3	67_3	fig|1566263.3.peg.185
 III-A3	 IIIIA3	67_3	fig|1951216.3.peg.1622
 III-A3		67_3	fig|1219052.3.peg.3572
 III-A3	 IIIIA3	67_3	fig|376620.8.peg.122
 III-A3	 IIIIA3	67_3	fig|1736587.3.peg.2638
 III-A3	 IIIIA3	67_3	WP_011269850.1
 III-A3	 IIIIA3	67_3	fig|1195246.3.peg.467
 III-A3	 IIIIA3	67_3	fig|1931276.3.peg.1294
 III-A3	 IIIIA3	67_3	fig|1931204.4.peg.12
 III-A3	 IIIIA3	67_3	fig|2052957.3.peg.3497
 III-A3	 IIIIA3	67_3	fig|1952825.3.peg.2772
 III-A3	 IIIIA3	67_3	fig|1189622.3.peg.1716
 III-A3	 IIIIA3	67_3	fig|294.173.peg.2741
 III-A3	 IIIIA3	67_3	fig|294.122.peg.3307
 III-A3	 IIIIA3	67_3	fig|1198456.3.peg.4053
 III-A3	 IIIIA3	67_3	fig|1855380.3.peg.1951
 III-A3		67_3	fig|1144330.3.peg.3879
 III-A3	 IIIIA3	67_3	fig|86265.3.peg.2799
 III-A3	 IIIIA3	67_3	fig|1881035.3.peg.3817
 III-A3	 IIIIA3	67_3	fig|511.8.peg.774
 III-A3	 IIIIA3	67_3	fig|1095552.3.peg.2955
 III-A3	 IIIIA3	67_3	fig|1690268.3.peg.1172
 III-A3	 IIIIA3	67_3	fig|871652.3.peg.1451
 III-A3	 IIIIA3	np	fig|1946868.3.peg.175
 III-A3	 IIIIA3	67_3	fig|1924940.3.peg.1147
 III-A3	 IIIIA3	67_3	fig|1912891.7.peg.5370
 III-A3	 IIIIA3	67_3	fig|1236503.3.peg.1539
 III-A3	 IIIIA3	67_3	fig|1745182.3.peg.1942
 III-A3	 IIIIA3	ni	fig|1112.5.peg.2875
 III-A3	 IIIIA3	67_3	WP_051585410.1
 III-A3	 IIIIA3	67_3	fig|1082931.4.peg.3584
 III-A3	 IIIIA3	67_3	fig|1907665.3.peg.5475
 III-A3	 IIIIA3	67_3	fig|1841652.4.peg.3782
 III-A3	 IIIIA3	67_3	fig|1736312.3.peg.3441
 III-A3		67_3	fig|1768770.3.peg.4687
 III-A3	 IIIIA3	67_3	fig|355591.9.peg.1867
 III-A3	 IIIIA3	67_3	fig|1869214.4.peg.1848
 III-A3	 IIIIA3	67_3	fig|1946470.3.peg.3546
 III-A3	 IIIIA3	67_3	fig|1860090.3.peg.231
 III-A3	 IIIIA3	67_3	fig|2020902.8.peg.1814
 III-A3	 IIIIA3	67_3	fig|940286.3.peg.3612
 III-A3		67_3	fig|1736380.3.peg.1842
 III-A3		na	fig|665126.3.peg.2283
 III-A3	 IIIIA3	67_3	fig|2029410.3.peg.1956
 III-A3		67_3	WP_003169203.1
 III-A3	 IIIIA3	67_3	fig|1884373.3.peg.3317
 III-A3	 IIIIA3	67_3	fig|989436.3.peg.3203
 III-A3		67_3	fig|1736359.3.peg.3976
 III-A3	 IIIIA3	67_3	fig|104102.12.peg.3797
 III-A3	 IIIIA3	67_3	fig|1500305.3.peg.4736
 III-A3		67_3	fig|1842535.30.peg.6
 III-A3	 IIIIA3	67_3	fig|70775.16.peg.91
 III-A3		67_3	fig|287.4262.peg.2063
 III-A3		67_3	WP_017702484.1
 III-A3	 IIIIA3	67_3	fig|1357292.3.peg.4700
 III-A3	 IIIIA3	67_3	fig|287.2436.peg.3554
 III-A3	 IIIIA3	67_3	fig|76758.3.peg.4722
 III-A3	 IIIIA3	67_3	fig|1904755.3.peg.3469
 III-A3		na	fig|47879.37.peg.693
 III-A3	 IIIIA3	67_3	fig|1771311.3.peg.1935
 III-A3	 IIIIA3	67_3	fig|2008975.3.peg.1976
 III-A3	 IIIIA3	67_3	fig|1259798.3.peg.1121
 III-A3		na	fig|1736487.3.peg.2103
 III-A3		67_3	fig|1706231.5.peg.1557
 III-A3		na	fig|1804984.3.peg.4700
 III-A3		na	fig|54067.3.peg.2925
 III-A3	 IIIIA3	67_3	fig|40324.357.peg.1426
 III-A3	 IIIIA3	67_3	fig|1967657.4.peg.913
 III-A3	 IIIIA3	67_3	fig|573.14330.peg.816
 III-A3	 IIIIA3	67_3	fig|615.357.peg.16
 III-A3		67_3	fig|1122616.3.peg.231
 III-A3		67_3	fig|314276.4.peg.1389
 III-A3	 IIIIA3	67_3	fig|1038921.4.peg.2790
 III-A3	 IIIIA3	67_3	fig|292.72.peg.3280
 III-A3		67_3	fig|1899355.18.peg.947
 III-A3		67_3	fig|2015356.3.peg.5401
 III-A3		na	fig|206665.3.peg.1731
 III-A3	 IIIIA3	67_3	fig|1987165.3.peg.2564
 III-A3	 IIIIA3	67_3	fig|1283312.3.peg.2182
 III-A3	 IIIIA3	67_3	fig|1223566.3.peg.1810
 III-A3	 IIIIA3	67_3	fig|76761.16.peg.744
 III-A3		np	PIY00499.1
 III-A3		na	fig|305.94.peg.4778
 III-A3	 IIIIA3	67_3	fig|1758178.5.peg.2546
 III-A3	 IIIIA3	67_3	fig|1354263.4.peg.2524
 III-A3	 IIIIA3	67_3	fig|1125979.3.peg.1941
 III-A3	 IIIIA3	67_3	fig|1338032.3.peg.3393
 III-A3		67_3	fig|1898112.54.peg.3344
 III-A3		67_3	fig|1432558.3.peg.4265
 III-A3		67_3	fig|333962.3.peg.2767
 III-A3		67_3	fig|60552.10.peg.2414
 III-A3		67_3	WP_011808964.1
 III-A3		67_3	fig|1844107.4.peg.2966
 III-A3		67_3	fig|1952916.3.peg.906
 III-A3		67_3	fig|458817.8.peg.542
 III-A3		na	fig|1674859.3.peg.1291
 III-A3		67_3	fig|1121434.3.peg.22
 III-A3		67_3	fig|1262899.3.peg.286
 III-A3		67_3	fig|57320.3.peg.1084
 III-A3		67_3	fig|1736444.3.peg.3753
 III-A3		67_3	fig|1310670.3.peg.2122
 III-A3		67_3	fig|505345.6.peg.150
 III-A3		na	fig|670.887.peg.4391
 III-A3		67_3	fig|196024.16.peg.2750
 III-A3	 IIIIA3	67_3	fig|663.48.peg.1321
 III-A3		67_3	fig|28141.133.peg.4717
 III-A3		67_3	fig|1117315.3.peg.3
 III-A3		67_3	fig|1917164.4.peg.2739
 III-A3		67_3	fig|2006083.3.peg.3222
 III-A3		67_3	fig|584.227.peg.2146
 III-A3		67_3	fig|1792834.4.peg.1793
 III-A3		67_3	fig|1333513.3.peg.3775
 III-A3		67_3	fig|1305826.3.peg.1246
 III-A3	 IIIIA3	67_3	WP_048809063.1
 III-A3		ni	fig|1987376.3.peg.4246
 III-A3	 IIIIA3	67_3	fig|164115.3.peg.6832
 III-A3		na	fig|285676.33.peg.4994
 III-A3		np	SFF52649.1
 III-A3		np	fig|1100822.3.peg.6408
 III-A3		na	WP_098467790.1
 III-A3		np	fig|1190417.3.peg.2916
 III-A3		67_3	SDS16714.1
 III-A3		67_3	fig|692370.5.peg.1108
 III-A3		67_3	fig|1736370.3.peg.1383
 III-A3	 IIIIA3	67_3	fig|1759074.3.peg.2615
 III-A3	 IIIIA3	67_3	fig|1120928.3.peg.922
 III-A3		67_3	fig|470.4268.peg.2032
 III-A3		67_3	fig|1217627.3.peg.995
 III-A3		67_3	fig|28450.149.peg.5786
 III-A3		67_3	fig|2032650.3.peg.3543
 III-A3		67_3	fig|101571.169.peg.3909
 III-A3		67_3	fig|396597.7.peg.2128
 III-A3	 IIIIA3	67_3	fig|869212.3.peg.3514
 III-A3		67_3	fig|1196083.80.peg.1885
 III-A3		67_3	fig|1304886.3.peg.1257
 III-A3	 IIIIA3	67_3	fig|555.16.peg.1362
 III-A3	 IIIIA3	67_3	fig|1421338.3.peg.151
 III-A3	 IIIIA3	67_3	fig|443144.3.peg.785
 III-A3	 IIIIA3	67_3	fig|1265503.3.peg.1271
 III-A3		67_3	fig|55601.100.peg.1601
 III-A3		67_3	fig|299766.9.peg.4890
 III-A3	 IIIIA3	67_3	fig|243231.5.peg.1360
 III-A2	 IIIIA2	113_4	fig|1263083.3.peg.558
 III-A2	 IIIIA2	113_4	fig|57706.9.peg.1106
 III-A2	 IIIIA2	113_4	fig|1619244.3.peg.1323
 III-A2	 IIIIA2	113_4	SHO56340.1
 III-A2	 IIIIA2	113_4	fig|688.15.peg.906
 III-A2	 IIIIA2	113_4	fig|663.75.peg.4800
 III-A2		113_4	fig|1967612.3.peg.4508
 III-A2		na	fig|82985.3.peg.3508
 III-A2	 IIIIA2	113_4	fig|55207.5.peg.1840
 III-A2	 IIIIA2	113_4	fig|582.25.peg.388
 III-A2	 IIIIA2	113_4	fig|1006598.5.peg.80
 III-A2	 IIIIA2	113_4	fig|82977.3.peg.3268
 III-A2	 IIIIA2	113_4	CRY53703.1
 III-A2	 IIIIA2	113_4	fig|595494.3.peg.706
 III-A2	 IIIIA2	113_4	fig|1217694.3.peg.3300
 III-A2	 IIIIA2	113_4	fig|470.2679.peg.715
 III-A2	 IIIIA2	113_4	fig|1879050.4.peg.2797
 III-A2		113_4	fig|2004650.3.peg.1818
 III-A2	 IIIIA2	113_4	fig|648.80.peg.1405
 III-A2	 IIIIA2	ni	fig|1217722.3.peg.1866
 III-A2	 IIIIA2	np	fig|294.88.peg.4234
 III-A2	 IIIIA2	np	fig|629262.5.peg.1917
 III-A2	 IIIIA2	113_4	WP_053932309.1
 III-A2	 IIIIA2	113_4	fig|1844101.3.peg.4702
 III-A2	 IIIIA2	113_4	fig|380021.13.peg.6149
 III-A2	 IIIIA2	113_4	fig|287.3716.peg.2163
 III-A2	 IIIIA2	113_4	fig|287.3208.peg.1464
 III-A2	 IIIIA2	113_4	fig|1952221.3.peg.555
 III-A2		ni	fig|1869214.3.peg.3542
 III-A2	 IIIIA2	113_4	fig|375286.7.peg.830
 III-A2	 IIIIA2	113_4	fig|536.26.peg.4616
 III-A2	 IIIIA2	113_4	fig|983548.3.peg.2977
 III-A2	 IIIIA2	113_4	fig|307480.5.peg.1780
 III-A2		113_4	fig|1262921.3.peg.2213
 III-A2	 IIIIA2	113_4	fig|1965649.3.peg.4193
 III-A2	 IIIIA2	113_4	fig|1951558.3.peg.3731
 III-A2	 IIIIA2	113_4	fig|1950669.3.peg.2035
 III-A2		113_4	fig|1869230.3.peg.3025
 III-A2		113_4	fig|1500294.3.peg.2814
 III-A2		113_4	fig|1756149.11.peg.2545
 III-A2		113_4	fig|1137281.3.peg.1436
 III-A2	 IIIIA2	113_4	fig|1964365.5.peg.2525
 III-A2	 IIIIA2	113_4	fig|28450.428.peg.5049
 III-A2		113_4	fig|1628751.3.peg.813
 III-A2		113_4	fig|60137.10.peg.1138
 III-A2	 IIIIA2	113_4	fig|1580596.3.peg.2701
 III-A2		np	fig|1041141.4.peg.4741
 III-A2		113_4	WP_063290764.1
 III-A2	 IIIIA2	113_4	fig|1816219.4.peg.1873
 III-A2	 IIIIA2	np	fig|651.3.peg.13
 III-A2	 IIIIA2	113_4	fig|134375.17.peg.3222
 III-A2		113_4	WP_011296194.1
 III-A2		113_4	fig|1513890.4.peg.2322
 III-A2		113_4	fig|294.193.peg.980
 III-A2	 IIIIA2	113_4	fig|287.2516.peg.114
 III-A2	 IIIIA2	113_4	fig|2006083.3.peg.3219
 III-A2		113_4	fig|458817.8.peg.538
 III-A2		113_4	fig|1073383.3.peg.1289
 III-A2		113_4	fig|190893.14.peg.2110
 III-A2		113_4	fig|663.144.peg.2659
 III-A2		113_4	fig|55601.106.peg.926
 III-A2		113_4	fig|669.51.peg.5531
 III-A2		113_4	fig|1250059.5.peg.3511
 III-A2		113_4	fig|906888.6.peg.2449
 III-A2		113_4	WP_042276051.1
 III-A2		113_4	fig|1953167.3.peg.1254
 III-A4		67_2b	fig|991.14.peg.629
 III-A4		67_2b	fig|1121890.3.peg.5
 III-A4		67_2b	fig|387094.4.peg.1115
 III-A4		67_2b	fig|1946558.3.peg.2413
 III-A4		67_2b	fig|253.27.peg.2882
 III-A4		67_2b	fig|1685010.5.peg.4376
 III-A4		67_2b	fig|1500289.3.peg.4103
 III-A4		67_2b	fig|1500298.3.peg.2823
 III-A4		67_2b	fig|1797331.3.peg.2180
 III-A4		67_2b	fig|1947498.3.peg.1366
 III-A4		67_2b	WP_074239321.1
 III-A4		67_2b	fig|192149.7.peg.174
 III-A4		67_2b	fig|718222.3.peg.4924
 III-A4		67_2b	fig|1053210.3.peg.211
 III-A4		67_2b	fig|2026089.3.peg.6077
 III-A4		67_2b	fig|1938610.3.peg.3678
 III-A4		67_2b	fig|1947482.3.peg.632
 III-A4		67_2b	fig|1948844.3.peg.823
 III-A4		67_2b	fig|986.7.peg.83
 III-A4		67_2b	fig|1950382.3.peg.461
 III-A4		67_2b	fig|1947145.3.peg.376
 III-A4		67_2b	fig|1122989.3.peg.367
 III-A4		67_2b	fig|1896974.3.peg.2001
 III-A4		67_2b	fig|2014804.3.peg.4306
 II-A3	 IIA3 (Firmicutes)	42_1	fig|1428.517.peg.2380
 II-A3	 IIA3 (Firmicutes)	42_1	fig|1428.574.peg.3351
 II-A3	 IIA3 (Firmicutes)	42_1	fig|1428.590.peg.5685
 II-A3	 IIA3 (Firmicutes)	42_1	fig|720554.3.peg.188
 II-A3	 IIA3 (Firmicutes)	42_1	fig|1122203.4.peg.2283
 II-A3		na	fig|1462525.3.peg.3489
 II-A3	 IIA3 (Firmicutes)	42_1	fig|1395513.3.peg.363
 II-A3		42_1	fig|1262834.3.peg.1229
 II-A3	 IIA3 (Firmicutes)	np	SCI87282.1
 II-A3	 IIA3 (Firmicutes)	42_1	fig|1952116.3.peg.2349
 II-A3	 IIA3 (Firmicutes)	42_1	WP_069150959.1
 II-A3	 IIA3 (Firmicutes)	42_1	fig|1265.10.peg.3100
 II-A3	 IIA3 (Firmicutes)	42_1	fig|1120998.3.peg.2858
 II-A3	 IIA3 (Firmicutes)	42_1	WP_072702499.1
 II-A3	 IIA3 (Firmicutes)	42_1	fig|1232453.3.peg.2795
 II-A3		42_1	fig|39485.11.peg.251
 II-A3		na	WP_072832325.1
 II-A3	 IIA3 (Firmicutes)	42_1	fig|1509.24.peg.2487
 II-A3	 IIA3 (Firmicutes)	42_1	SCI88558.1
 II-A3	 IIA3 (Firmicutes)	42_1	fig|1490.6.peg.2635
 II-A3		42_1	fig|1947399.3.peg.1322
 II-A3	 IIA3 (Firmicutes)	42_1	fig|1953138.3.peg.796
 II-A3	 IIA3 (Firmicutes)	42_1	fig|1950875.3.peg.364
 II-A3		42_1	fig|1396.1518.peg.4860
 II-A3	 IIA3 (Proteobacteria)	42_1	fig|1305675.3.peg.2174
 II-A3		42_1	fig|1423.436.peg.4365
 II-A3		42_1	fig|361277.6.peg.1539
 II-A3		42_1	fig|1392.356.peg.4724
 II-A3		np	fig|1053189.3.peg.4219
 II-A3	 IIA3 (Proteobacteria)	42_1	WP_079442297.1
 II-A3	 IIA3 (Proteobacteria)	42_1	fig|1953262.3.peg.783
 II-A3		42_1	fig|1797955.3.peg.2304
 II-A3		np	fig|1953111.3.peg.2436
 II-A3	 IIA3 (Proteobacteria)	42_1	WP_099010551.1
 II-A3	 IIA3 (Proteobacteria)	42_1	fig|1005565.3.peg.1153
 II-A3	 IIA3 (Proteobacteria)	42_1	fig|158822.8.peg.1905
 II-A3		42_1	fig|1444060.3.peg.4830
 II-A3	 IIA3 (Proteobacteria)	ni	fig|29484.22.peg.4571
 II-A3	 IIA3 (Proteobacteria)	42_1	fig|529823.3.peg.332
 II-A3	 IIA3 (Proteobacteria)	42_1	fig|48296.218.peg.3142
 II-A3	 IIA3 (Proteobacteria)	42_1	fig|550.518.peg.3445
 II-A3		42_1	fig|204773.6.peg.4
 II-A3	 IIA3 (Proteobacteria)	42_1	fig|670.190.peg.4348
 II-A3		na	fig|44577.7.peg.209
 II-A3		42_1	fig|1125747.3.peg.1
 II-A3	 IIA3 (Proteobacteria)	42_1	fig|1338034.3.peg.2437
 II-A3	 IIA3 (Proteobacteria)	42_1	fig|1952844.3.peg.2619
 II-A3	 IIA3 (Proteobacteria)	42_1	fig|1288788.3.peg.2384
 II-A3	 IIA3 (Proteobacteria)	42_1	fig|644.31.peg.975
 II-A3		np	fig|498292.3.peg.28
 II-A3		ni	fig|1948088.3.peg.4515
 II-A3		np	fig|1408433.3.peg.3094
 II-A3		np	WP_074236572.1
 II-A3		42_1	fig|1127353.3.peg.1738
 II-A3		42_1	fig|1881110.4.peg.120
 II-A3		np	fig|34038.6.peg.27
 II-A3		42_1	fig|630.95.peg.4256
 II-A3		42_1	fig|149387.11.peg.1139
 II-A3		42_1	fig|1343738.3.peg.2232
 III-A5		113_3	fig|1423.175.peg.4339
 III-A5		113_3	fig|2021695.3.peg.3399
 III-A5		113_3	fig|189426.10.peg.597
 III-A5		113_3	fig|2020949.3.peg.856
 III-A5		113_3	fig|1243664.3.peg.1004
 III-A5		113_3	fig|1855345.3.peg.2971
 III-A5		113_3	fig|1946358.3.peg.2514
 III-A5		113_3	fig|1520.90.peg.2502
 III-A5		113_3	fig|79672.3.peg.288
 III-A5		113_3	fig|189426.19.peg.3973
 III-A5		113_3	fig|1497.3.peg.4049
 III-A5		113_3	fig|169760.4.peg.4269
 III-A5		np	WP_073588670.1
 III-A5		ni	fig|1950815.3.peg.1585
 III-A5		np	fig|1897004.3.peg.2166
 III-A5		np	fig|1946293.3.peg.290
 III-A5		113_3	fig|1796620.3.peg.3489
 III-A5		113_3	fig|76857.53.peg.2245
 III-A5		113_3	fig|2013784.3.peg.1260
 III-A5		113_3	fig|79884.3.peg.1106
 III-A5		113_3	fig|135461.47.peg.1552
 III-A5		113_3	WP_016122013.1
 III-A5		113_3	fig|1499688.3.peg.3214
 III-A5		np	fig|1318.8.peg.1495
 III-A5		np	fig|1381091.3.peg.1173
 III-A5		np	fig|1409369.3.peg.815
 III-A5		np	fig|1497681.5.peg.3014
 III-A5		np	fig|1095727.3.peg.409
 III-A5		np	fig|1318.12.peg.313
 III-A5		np	fig|1681184.3.peg.4899
 III-A5		np	fig|561879.29.peg.3569
 III-A5		np	fig|1884359.3.peg.2978
 XIII	 XIII (Firmicutes)	114_1	fig|29367.3.peg.1112
 XIII	 XIII (Firmicutes)	114_1	fig|225345.3.peg.1103
 XIII	 XIII (Firmicutes)	114_1	fig|1345695.10.peg.2438
 XIII	 XIII (Firmicutes)	114_1	fig|119641.3.peg.784
 XIII	 XIII (Firmicutes)	ni	fig|1761781.3.peg.88
 XIII	 XIII (Firmicutes)	114_1	fig|1946346.3.peg.2999
 XIII	 XIII (Firmicutes)	114_1	fig|1492.48.peg.3952
 XIII	 XIII (Firmicutes)	114_1	fig|1121302.3.peg.4511
 XIII		na	fig|398512.4.peg.5301
 XIII	 XIII (Firmicutes)	114_1	fig|1946357.3.peg.500
 XIII		114_1	fig|642492.3.peg.3338
 XIII		114_1	fig|1946690.3.peg.1553
 XIII		na	fig|397290.3.peg.150
 XIII		114_1	fig|97138.3.peg.1713
 XIII		114_1	fig|1965545.3.peg.499
 XIII		na	fig|1047063.3.peg.240
 XIII	 XIII (Mx65)	114_1	fig|1192034.3.peg.1508
 XIII	 XIII (Mx65)	114_1	AAA88323.1
 XIII		na	fig|33.8.peg.8196
 XIII	 XIII (Mx65)	114_1	fig|215803.3.peg.1485
 XIII	 XIII (Mx65)	114_1	fig|1406225.3.peg.2150
 XIII	 XIII (Mx65)	114_1	fig|1952931.3.peg.5137
 XIII	 XIII (Mx65)	ni	fig|1972460.3.peg.279
 XIII	 XIII (Mx65)	np	fig|1950201.3.peg.3297
 XIII		na	WP_015247705.1
 XIII		na	fig|1799658.3.peg.2777
 XIII		na	fig|214688.26.peg.6659
 XIII		114_1	fig|2023130.3.peg.4250
 XIII		na	fig|52.7.peg.9046
 XIII		114_1	fig|448385.16.peg.2914
 XIII		na	fig|888845.4.peg.14202
 XIII		na	fig|1752210.3.peg.1275
 XIII		na	fig|1391654.3.peg.3562
 XIII		na	fig|1752218.3.peg.3670
 XIII	 XIII (Firmicutes)	np	WP_006981058.1
 XIII		114_1	fig|1952939.3.peg.2584
 XIII		ni	fig|2024858.3.peg.3711
 XIII		np	WP_009096166.1
 XIII	 XIII (Firmicutes)	114_1	fig|595453.3.peg.1506
 XIII		114_1	fig|1263868.3.peg.4100
 XIII	 XIII (Firmicutes)	114_1	fig|167547.3.peg.303
 XIII	 XIII (Firmicutes)	114_1	fig|1499501.3.peg.459
 XIII		114_1	fig|1905359.3.peg.4335
 XIII		114_1	WP_002700020.1
 XIII		114_1	fig|1913989.145.peg.263
 XIII	 XIII (Firmicutes)	114_1	WP_073154989.1
 XIII		na	fig|46223.3.peg.3648
 XIII		na	fig|1329796.3.peg.1947
 XIII	 XIII (Firmicutes)	114_1	fig|1123252.3.peg.3225
 XIII		114_1	fig|714067.3.peg.3719
 XIII		na	fig|1341151.3.peg.628
 XIII		114_1	fig|2026763.3.peg.3089
 XIII		114_1	fig|1797895.3.peg.2518
 XIII	 XIII (Ne144)	114_1	fig|373672.4.peg.4082
 XIII	 XIII (Ne144)	114_1	fig|1416778.5.peg.4374
 XIII	 XIII (Ne144)	114_1	fig|1603293.4.peg.829
 XIII	 XIII (Ne144)	114_1	CCB70859.1
 XIII	 XIII (Ne144)	114_1	fig|1986952.3.peg.951
 XIII	 XIII (Ne144)	114_1	fig|1476464.3.peg.4304
 XIII	 XIII (Ne144)	114_1	fig|1761785.3.peg.3112
 XIII		na	fig|1664068.3.peg.3690
 XIII	 XIII (Ne144)	114_1	fig|880071.3.peg.3500
 XIII		na	fig|1121902.3.peg.2906
 XIII	 XIII (Ne144)	114_1	fig|1509483.4.peg.1923
 XIII	 XIII (Ne144)	114_1	fig|1166018.3.peg.5312
 XIII	 XIII (Ne144)	114_1	fig|634771.3.peg.967
 XIII		na	fig|29529.3.peg.396
 XIII		114_1	fig|1891659.3.peg.6032
 XIII	 XIII (Ne144)	114_1	fig|2033437.3.peg.3442
 XIII	 XIII (Ne144)	114_1	fig|1004.4.peg.1677
 XIII	 XIII (Ne144)	114_1	fig|1881041.3.peg.3698
 XIII	 XIII (Ne144)	114_1	fig|1123078.3.peg.2010
 XIII		na	fig|354355.3.peg.1846
 XIII	 XIII (Ne144)	114_1	fig|1951546.3.peg.1574
 XIII		na	fig|1812911.3.peg.633
 XIII	 XIII (Ne144)	114_1	fig|477680.4.peg.4668
 XIII		na	fig|221126.7.peg.3781
 XIII	 XIII (Ne144)	114_1	fig|342954.4.peg.734
 XIII	 XIII (Ne144)	114_1	fig|1871037.5.peg.2180
 XIII	 XIII (Ne144)	114_1	fig|669041.3.peg.843
 XIII	 XIII (Ne144)	114_1	WP_074538568.1
 XIII	 XIII (Ne144)	114_1	fig|1248440.3.peg.1511
 XIII		114_1	fig|1121007.3.peg.1574
 XIII	 XIII (Ne144)	114_1	fig|688867.3.peg.2332
 XIII	 XIII (Ne144)	114_1	fig|926565.3.peg.717
 XIII		na	fig|1257021.3.peg.5265
 XIII		114_1	fig|2044937.5.peg.2350
 XIII	 XIII (Ne144)	np	fig|1499966.3.peg.180
 XIII	 XIII (Ne144)	114_1	fig|1948269.3.peg.1254
 XIII	 XIII (Ne144)	114_1	fig|694433.3.peg.3103
 XIII	 XIII (Ne144)	114_1	fig|2008677.3.peg.3337
 XIII	 XIII (Ne144)	114_1	fig|946333.3.peg.3570
 XIII	 XIII (Ne144)	114_1	fig|1736433.3.peg.5559
 XIII	 XIII (Ne144)	114_1	fig|1500265.3.peg.5760
 XIII	 XIII (Ne144)	114_1	fig|1121349.4.peg.2836
 XIII	 XIII (Ne144)	114_1	fig|1082851.3.peg.91
 XIII		114_1	fig|1121480.5.peg.5468
 XIII	 XIII (Mx162)	114_1	fig|2045208.3.peg.1247
 XIII	 XIII (Ne144)	114_1	fig|1736455.3.peg.3692
 XIII		ni	fig|34073.25.peg.8569
 XIII	 XIII (Ne144)	114_1	fig|1884311.3.peg.7121
 XIII	 XIII (Ne144)	114_1	fig|1123487.3.peg.1763
 XIII	 XIII (Ne144)	np	fig|2029111.3.peg.3032
 XIII	 XIII (Ne144)	114_1	fig|1977087.20.peg.1226
 XIII	 XIII (Ne144)	114_1	fig|754436.4.peg.4454
 XIII	 XIII (Ne144)	114_1	fig|265726.7.peg.1038
 XIII	 XIII (Ne144)	114_1	fig|1121867.3.peg.59
 XIII	 XIII (Ne144)	114_1	fig|1238431.3.peg.2655
 XIII	 XIII (Ne144)	114_1	fig|1384589.3.peg.2721
 XIII	 XIII (Ne144)	114_1	fig|1261127.3.peg.2947
 XIII	 XIII (Ne144)	114_1	fig|349521.8.peg.3588
 XIII	 XIII (Ne144)	114_1	fig|525918.3.peg.1501
 XIII	 XIII (Ne144)	114_1	fig|1737490.4.peg.4974
 XIII		np	fig|251229.3.peg.427
 XIII		np	fig|1245923.3.peg.9587
 XIII		na	fig|1503470.5.peg.10896
 XIII		np	fig|2005460.3.peg.1118
 XIII		np	fig|179408.3.peg.4679
 XIII		np	fig|1612423.3.peg.5384
 XIII		np	fig|63737.11.peg.472
 XIII		np	fig|224013.5.peg.7163
 XIII		np	fig|1932621.3.peg.7363
 XIII		np	fig|373994.3.peg.3383
 XIII	 XIII (Ne144)	114_1	fig|2005463.3.peg.257
 XIII	 XIII (Ne144)	114_1	fig|2005459.3.peg.7019
 XIII		np	fig|184925.3.peg.2602
 XIII	 XIII (Ne144)	114_1	fig|454136.5.peg.3127
 XIII		np	fig|203124.6.peg.2732
 XIII	 XIII (Ne144)	114_1	fig|2040638.3.peg.3067
 XIII		na	fig|1880991.4.peg.2927
 XIII	 XIII (Ne144)	na	fig|1173028.3.peg.7115
 XIII		np	fig|568701.4.peg.2073
 XIII		114_1	fig|927677.3.peg.4187
 XIII		np	fig|179408.3.peg.6267
 XIII		np	fig|1710894.3.peg.2079
 XIII		np	fig|1947888.3.peg.4484
 XIII		na	fig|1705388.3.peg.1178
 XIII		np	fig|454136.5.peg.4162
 XIII	 XIII (Ne144)	np	fig|2005458.3.peg.378
 XIII		np	fig|1947874.3.peg.4590
 XIII		np	fig|1781255.3.peg.802
 XIII		np	fig|1128427.4.peg.2346
 XIII	 XIII (Ne144)	114_1	fig|1946321.3.peg.3928
 XIII	 XIII (Ne144)	114_1	fig|118173.3.peg.1030
 XIII	 XIII (Ne144)	114_1	fig|1922337.4.peg.4802
 XIII		114_1	fig|927668.3.peg.2766
 XIII	 XIII (Ne144)	np	fig|1173020.3.peg.6191
 XIII	 XIII (Ne144)	114_1	fig|329726.14.peg.4440
 XIII	 XIII (Ne144)	114_1	fig|215803.3.peg.1649
 XIII	 XIII (Ne144)	114_1	fig|1920190.3.peg.9548
 XIII	 XIII (Ne144)	114_1	fig|1961464.3.peg.5181
 XIII	 XIII (Ne144)	114_1	fig|765913.3.peg.336
 XIII	 XIII (Ne144)	114_1	fig|1396141.3.peg.2891
 XIII		114_1	fig|1961463.3.peg.5253
 XIII	 XIII (Ne144)	114_1	AAL40743.1
 XIII	 XIII (Ne144)	114_1	fig|54.3.peg.4123
 XIII		na	fig|53367.3.peg.3417
 XIII	 XIII (Ne144)	114_1	fig|460265.11.peg.3882
 XIII	 XIII (Ne144)	114_1	fig|298794.3.peg.462
 XIII	 XIII (Mx162)	114_1	fig|190148.4.peg.3492
 XIII	 XIII (Ne144)	114_1	fig|1075417.3.peg.445
 XIII	 XIII (Ne144)	ni	fig|1429438.4.peg.7505
 XIII		114_1	fig|1977087.12.peg.1756
 XIII		114_1	fig|92487.3.peg.3972
 XIII		114_1	fig|1977087.20.peg.1473
 XIII		114_1	fig|1123400.3.peg.3276
 XIII		na	fig|34062.8.peg.73
 XIII		114_1	fig|1699623.3.peg.1502
 XIII		114_1	fig|1123509.3.peg.848
 XIII		114_1	fig|2026735.3.peg.2222
 XIII		114_1	fig|1977087.12.peg.2982
 XIII		114_1	fig|2026763.4.peg.1195
 XIII		114_1	fig|1977087.12.peg.510
 XIII		ni	fig|1123508.3.peg.7252
 XIII		na	fig|214688.26.peg.3091
 XIII		114_1	fig|1908690.5.peg.1204
 XIII		114_1	fig|1805126.3.peg.4431
 XIII		114_1	fig|1882752.4.peg.1962
 XIII		na	fig|1636152.3.peg.5364
 XIII		114_1	APR75442.1
 XIII		114_1	fig|54.3.peg.8798
 XIII		na	fig|980254.4.peg.4083
 XIII		114_1	fig|1856297.3.peg.3627
 XIII		114_1	fig|1219077.3.peg.1945
 XIII	 XIII (Mx162)	114_1	fig|1334629.3.peg.167
 XIII	 XIII (Mx162)	114_1	AAA25405.1
 XIII		na	fig|378806.16.peg.4444
 XIII	 XIII (Mx162)	114_1	WP_002615305.1
 XIII		na	fig|48.3.peg.757
 XIII	 XIII (Mx162)	np	fig|448385.16.peg.2083
 XIII		na	fig|52.7.peg.5100
 XIII		na	fig|1752210.3.peg.5621
 XIII	 XIII (Mx162)	114_1	fig|2024858.3.peg.6345
 XIII	 XIII (Mx162)	114_1	WP_012826728.1
 XIII	 XIII (Mx162)	114_1	fig|927083.3.peg.3408
 XIII	 XIII (Mx162)	114_1	WP_006977315.1
 XIII		na	fig|1400863.5.peg.627
 XIII		114_1	fig|1961463.3.peg.4303
	B	NC	fig|1898731.3.peg.3099
	B	NC	fig|1279028.3.peg.3374
	A	NC	fig|1898733.3.peg.2056
		na	fig|1795630.3.peg.3476
	B	NC	fig|2033654.3.peg.3461
		na	fig|1736329.5.peg.1436
		NC	fig|1736292.3.peg.1083
	A	NC	fig|1736327.3.peg.206
	A	NC	fig|1736311.3.peg.3668
	B	NC	fig|1736308.3.peg.2333
	B	NC	fig|656366.8.peg.2905
		na	fig|494023.3.peg.138
	B	NC	ASN40093.1
	B	NC	fig|1494608.3.peg.465
	B	NC	fig|656366.4.peg.2620
	B	NC	fig|656366.3.peg.1944
	B	NC	fig|1132441.3.peg.1888
	B	NC	fig|1704044.3.peg.520
	B	NC	fig|1496689.3.peg.681
	A	NC	fig|1681197.3.peg.149
	B	NC	fig|37921.12.peg.1481
	A	NC	fig|1736303.3.peg.982
		NC	fig|1312978.3.peg.1472
	B	NC	fig|1348338.3.peg.1472
	B	NC	fig|1452536.3.peg.1955
	A	NC	fig|1736525.3.peg.446
	B	NC	fig|1529318.3.peg.434
		NC	fig|1267973.3.peg.3479
	B	NC	fig|150121.3.peg.1900
	B	NC	fig|123316.3.peg.955
		na	fig|1052260.3.peg.3617
		na	fig|1566299.3.peg.3962
		na	fig|1736356.3.peg.3150
		na	fig|1736354.3.peg.1787
	A	NC	fig|479431.6.peg.3115
	B	NC	fig|1090615.3.peg.2397
	B	NC	fig|1306174.4.peg.4778
	A	NC	fig|546871.3.peg.1120
	B	NC	fig|630515.4.peg.525
	A	NC	fig|546874.3.peg.1181
	A	NC	BAK35674.1
	A	NC	fig|1380390.4.peg.72
	A	NC	fig|1283299.3.peg.2784
	A	NC	fig|929712.3.peg.3165
	A	NC	fig|1123262.3.peg.3125
	B	NC	fig|1861.4.peg.5240
	A	NC	fig|1137993.4.peg.1318
	A	NC	fig|1070870.3.peg.778
	A	NC	fig|1190417.3.peg.1785
	B	NC	fig|477641.3.peg.1023
	B	NC	fig|1798228.3.peg.3756
	B	NC	WP_091929708.1
	A	NC	SHH20361.1
	A	NC	fig|1844.3.peg.1151
	B	NC	fig|748909.6.peg.1418
		na	fig|402596.3.peg.987
	A	NC	fig|1736322.3.peg.1963
	A	NC	fig|1445613.3.peg.3490
	A	NC	fig|543632.4.peg.9742
	A	NC	fig|1036182.3.peg.2958
	B	NC	fig|1246995.3.peg.737
		NC	fig|56427.3.peg.3052
	B	NC	fig|1710355.3.peg.2225
	A	NC	fig|649831.3.peg.2352
	A	NC	fig|35754.4.peg.6321
	B	NC	fig|1881.4.peg.2703
	B	NC	fig|47863.3.peg.3975
	A	NC	fig|285665.4.peg.2050
	A	NC	fig|1192034.3.peg.4668
	A	NC	fig|1198133.3.peg.2442
		na	fig|33.8.peg.521
		na	fig|394193.3.peg.7794
	B	NC	fig|369932.4.peg.5621
	B	NC	fig|1238180.3.peg.5340
	B	NC	fig|589385.3.peg.7940
	B	NC	fig|1068980.3.peg.1527
	B	NC	fig|1854586.3.peg.2100
	B	NC	fig|587909.3.peg.3086
	B	NC	fig|2030.3.peg.3051
	B	NC	fig|1382595.4.peg.3164
	A	NC	WP_013675061.1
	A	NC	fig|1660131.3.peg.2805
		na	fig|366584.3.peg.4349
	A	NC	fig|1885031.4.peg.5241
		na	fig|1690815.5.peg.5350
	A	NC	fig|1123023.3.peg.3229
	A	NC	fig|1449976.3.peg.8114
		na	WP_007238159.1
	B	NC	fig|1220583.3.peg.1582
	B	NC	GAB07179.1
	B	NC	fig|1223545.3.peg.704
	B	NC	fig|1223540.3.peg.3237
	B	NC	fig|1112204.3.peg.4913
	B	NC	AFR49048.1
	B	NC	fig|402289.3.peg.1558
	B	NC	fig|1077144.3.peg.224
	B	NC	fig|1344003.3.peg.1864
	B	NC	fig|1463823.3.peg.3407
	B	NC	fig|1903117.3.peg.1566
	B	NC	fig|1603258.4.peg.1828
	B	NC	fig|644548.3.peg.652
	B	NC	fig|1136941.3.peg.1310
	B	NC	fig|1223542.3.peg.3439
	B	NC	fig|47312.10.peg.4232
	B	NC	fig|57704.14.peg.421
	B	NC	fig|521096.6.peg.2443
	B	NC	fig|1123241.3.peg.3642
	B	NC	fig|1210073.4.peg.1031
	B	NC	fig|1206740.4.peg.4617
		na	fig|1210064.4.peg.2434
	B	NC	fig|1123258.3.peg.1651
	B	NC	fig|1443888.3.peg.2891
	B	NC	fig|1517936.4.peg.882
	B	NC	fig|398843.6.peg.4214
		NC	fig|1813677.3.peg.4031
		na	WP_008711873.1
	B	NC	fig|1381122.3.peg.6103
	B	NC	fig|1736210.3.peg.2766
	B	NC	fig|1736300.3.peg.1279
	B	NC	fig|1219012.3.peg.1705
		NC	fig|1219023.3.peg.2791
		na	fig|616997.3.peg.2548
	B	NC	fig|1303689.4.peg.2934
