lineage	2020-02-05	2020-02-06	2020-02-07	2020-02-08	2020-02-09	2020-02-10	2020-02-11	2020-02-12	2020-02-13	2020-02-14	2020-02-15	2020-02-16	2020-02-17	2020-02-18	2020-02-19	2020-02-20	2020-02-21	2020-02-22	2020-02-23	2020-02-24	2020-02-25	2020-02-26	2020-02-27	2020-02-28	2020-02-29	2020-03-01	2020-03-02	2020-03-03	2020-03-04	2020-03-05	2020-03-06	2020-03-07	2020-03-08	2020-03-09	2020-03-10	2020-03-11	2020-03-12	2020-03-13	2020-03-14	2020-03-15	2020-03-16	2020-03-17	2020-03-18	2020-03-19	2020-03-20	2020-03-21	2020-03-22	2020-03-23	2020-03-24	2020-03-25	2020-03-26	2020-03-27	2020-03-28	2020-03-29	2020-03-30	2020-03-31	2020-04-01	2020-04-02	2020-04-03	2020-04-04	2020-04-05	2020-04-06	2020-04-07	2020-04-08	2020-04-09	2020-04-10	2020-04-11	2020-04-12	2020-04-13	2020-04-14	2020-04-15	2020-04-16	2020-04-17	2020-04-18	2020-04-19	2020-04-20	2020-04-21	2020-04-22	2020-04-23	2020-04-24	2020-04-25	2020-04-26	2020-04-27	2020-04-28	2020-04-29	2020-04-30	2020-05-01	2020-05-02	2020-05-03	2020-05-04	2020-05-05	2020-05-06	2020-05-07	2020-05-08	2020-05-09	2020-05-10	2020-05-11	2020-05-12	2020-05-13	2020-05-14	2020-05-15	2020-05-16	2020-05-17	2020-05-18	2020-05-19	2020-05-20	2020-05-21	2020-05-22	2020-05-23	2020-05-24	2020-05-25	2020-05-26	2020-05-27	2020-05-28	2020-05-29	2020-05-30	2020-05-31	2020-06-01	2020-06-02	2020-06-03	2020-06-04	2020-06-05	2020-06-06	2020-06-07	2020-06-08	2020-06-09	2020-06-10	2020-06-11	2020-06-12	2020-06-13	2020-06-14	2020-06-15	2020-06-16	2020-06-17	2020-06-18	2020-06-19	2020-06-20	2020-06-21	2020-06-22	2020-06-23	2020-06-24	2020-06-25	2020-06-26	2020-06-27	2020-06-28	2020-06-29	2020-06-30	2020-07-01	2020-07-02	2020-07-03	2020-07-04	2020-07-05	2020-07-06	2020-07-07	2020-07-08	2020-07-09	2020-07-10	2020-07-11	2020-07-12	2020-07-13	2020-07-14	2020-07-15	2020-07-16	2020-07-17	2020-07-18	2020-07-19	2020-07-20	2020-07-21	2020-07-22	2020-07-23	2020-07-24	2020-07-25	2020-07-26	2020-07-27	2020-07-28	2020-07-29	2020-07-30	2020-07-31	2020-08-01	2020-08-02	2020-08-03	2020-08-04	2020-08-05	2020-08-06	2020-08-07	2020-08-08	2020-08-09	2020-08-10	2020-08-11	2020-08-12	2020-08-13	2020-08-14	2020-08-15	2020-08-16	2020-08-17	2020-08-18	2020-08-19	2020-08-20	2020-08-21	2020-08-22	2020-08-23	2020-08-24	2020-08-25	2020-08-26	2020-08-27	2020-08-28	2020-08-29	2020-08-30	2020-08-31	2020-09-01	2020-09-02	2020-09-03	2020-09-04	2020-09-05	2020-09-06	2020-09-07	2020-09-08	2020-09-09	2020-09-10	2020-09-11	2020-09-12	2020-09-13	2020-09-14	2020-09-15	2020-09-16	2020-09-17	2020-09-18	2020-09-19	2020-09-20	2020-09-21	2020-09-22	2020-09-23	2020-09-24	2020-09-25	2020-09-26	2020-09-27	2020-09-28	2020-09-29	2020-09-30	2020-10-01	2020-10-02	2020-10-03	2020-10-04	2020-10-05	2020-10-06	2020-10-07	2020-10-08	2020-10-09	2020-10-10	2020-10-11	2020-10-12	2020-10-13	2020-10-14	2020-10-15	2020-10-16	2020-10-17	2020-10-18	2020-10-19	2020-10-20	2020-10-21	2020-10-22	2020-10-23	2020-10-24	2020-10-25	2020-10-26	2020-10-27	2020-10-28	2020-10-29	2020-10-30	2020-10-31	2020-11-01	2020-11-02	2020-11-03	2020-11-04	2020-11-05	2020-11-06	2020-11-07	2020-11-08	2020-11-09	2020-11-10	2020-11-11	2020-11-12	2020-11-13	2020-11-14	2020-11-15	2020-11-16	2020-11-17	2020-11-18	2020-11-19	2020-11-20	2020-11-21	2020-11-22	2020-11-23	2020-11-24	2020-11-25	2020-11-26	2020-11-27	2020-11-28	2020-11-29	2020-11-30	2020-12-01	2020-12-02	2020-12-03	2020-12-04	2020-12-05	2020-12-06	2020-12-07	2020-12-08	2020-12-09	2020-12-10	2020-12-11	2020-12-12	2020-12-13	2020-12-14	2020-12-15	2020-12-16	2020-12-17	2020-12-18	2020-12-19	2020-12-20	2020-12-21	2020-12-22	2020-12-23	2020-12-24	2020-12-25	2020-12-26	2020-12-27	2020-12-28	2020-12-29	2020-12-30	2020-12-31	2021-01-01	2021-01-02	2021-01-03	2021-01-04	2021-01-05	2021-01-06	2021-01-07	2021-01-08	2021-01-09	2021-01-10	2021-01-11	2021-01-12	2021-01-13	2021-01-14	2021-01-15	2021-01-16	2021-01-17	2021-01-18	2021-01-19	2021-01-20	2021-01-21	2021-01-22	2021-01-23	2021-01-24	2021-01-25	2021-01-26	2021-01-27	2021-01-28	2021-01-29	2021-01-30	2021-01-31	2021-02-01	2021-02-02	2021-02-03	2021-02-04	2021-02-05	2021-02-06	2021-02-07	2021-02-08	2021-02-09	2021-02-10	2021-02-11	2021-02-12	2021-02-13	2021-02-14	2021-02-15	2021-02-16	2021-02-17	2021-02-18	2021-02-19	2021-02-20	2021-02-21	2021-02-22	2021-02-23	2021-02-24	2021-02-25	2021-02-26	2021-02-27	2021-02-28	2021-03-01	2021-03-02	2021-03-03	2021-03-04	2021-03-05	2021-03-06	2021-03-07	2021-03-08	2021-03-09	2021-03-10	2021-03-11	2021-03-12	2021-03-13	2021-03-14	2021-03-15	2021-03-16	2021-03-17	2021-03-18	2021-03-19	2021-03-20	2021-03-21	2021-03-22	2021-03-23	2021-03-24	2021-03-25	2021-03-26	2021-03-27	2021-03-28	2021-03-29	2021-03-30	2021-03-31	2021-04-01	2021-04-02	2021-04-03	2021-04-04	2021-04-05	2021-04-06	2021-04-07	2021-04-08	2021-04-09	2021-04-10	2021-04-11	2021-04-12	2021-04-13	2021-04-14	2021-04-15	2021-04-16	2021-04-17	2021-04-18	2021-04-19	2021-04-20	2021-04-21	2021-04-22	2021-04-23	2021-04-24	2021-04-25	2021-04-26	2021-04-27	2021-04-28	2021-04-29	2021-04-30	2021-05-01	2021-05-02	2021-05-03	2021-05-04	2021-05-05	2021-05-06	2021-05-07	2021-05-08	2021-05-09	2021-05-10	2021-05-11	2021-05-12	2021-05-13	2021-05-14	2021-05-15	2021-05-16	2021-05-17	2021-05-18	2021-05-19	2021-05-20	2021-05-21	2021-05-22	2021-05-23	2021-05-24	2021-05-25	2021-05-26	2021-05-27	2021-05-28	2021-05-29	2021-05-30	2021-05-31	2021-06-01	2021-06-02	2021-06-03	2021-06-04	2021-06-05	2021-06-06	2021-06-07	2021-06-08	2021-06-09	2021-06-10	2021-06-11	2021-06-12	2021-06-13	2021-06-14	2021-06-15	2021-06-16	2021-06-17	2021-06-18	2021-06-19	2021-06-20	2021-06-21	2021-06-22	2021-06-23	2021-06-24	2021-06-25	2021-06-26	2021-06-27	2021-06-28	2021-06-29	2021-06-30	2021-07-01	2021-07-02	2021-07-03	2021-07-04	2021-07-05	2021-07-06	2021-07-07	2021-07-08	2021-07-09	2021-07-10	2021-07-11	2021-07-12	2021-07-13	2021-07-14	2021-07-15	2021-07-16	2021-07-17	2021-07-18	2021-07-19	2021-07-20	2021-07-21	2021-07-22	2021-07-23	2021-07-24	2021-07-25	2021-07-26	2021-07-27	2021-07-28	2021-07-29	2021-07-30	2021-07-31	2021-08-01	2021-08-02	2021-08-03	2021-08-04	2021-08-05	2021-08-06	2021-08-07	2021-08-08	2021-08-09	2021-08-10	2021-08-11	2021-08-12	2021-08-13	2021-08-14	2021-08-15	2021-08-16	2021-08-17	2021-08-18	2021-08-19	2021-08-20	2021-08-21	2021-08-22	2021-08-23	2021-08-24	2021-08-25	2021-08-26	2021-08-27	2021-08-28	2021-08-29	2021-08-30	2021-08-31	2021-09-01	2021-09-02	2021-09-03	2021-09-04	2021-09-05	2021-09-06	2021-09-07	2021-09-08	2021-09-09	2021-09-10	2021-09-11	2021-09-12	2021-09-13	2021-09-14	2021-09-15	2021-09-16	2021-09-17	2021-09-18	2021-09-19	2021-09-20	2021-09-21	2021-09-22	2021-09-23	2021-09-24	2021-09-25	2021-09-26	2021-09-27	2021-09-28	2021-09-29	2021-09-30	2021-10-01	2021-10-02	2021-10-03	2021-10-04	2021-10-05	2021-10-06	2021-10-07	2021-10-08	2021-10-09	2021-10-10	2021-10-11	2021-10-12	2021-10-13	2021-10-14	2021-10-15	2021-10-16	2021-10-17	2021-10-18	2021-10-19	2021-10-20	2021-10-21	2021-10-22	2021-10-23	2021-10-24	2021-10-25	2021-10-26	2021-10-27	2021-10-28	2021-10-29	2021-10-30	2021-10-31	2021-11-01	2021-11-02	2021-11-03	2021-11-04	2021-11-05	2021-11-06	2021-11-07	2021-11-08	2021-11-09	2021-11-10	2021-11-11	2021-11-12	2021-11-13	2021-11-14	2021-11-15	2021-11-16	2021-11-17	2021-11-18	2021-11-19	2021-11-20	2021-11-21	2021-11-22	2021-11-23	2021-11-24	2021-11-25	2021-11-26	2021-11-27	2021-11-28	2021-11-29	2021-11-30	2021-12-01	2021-12-02	2021-12-03	2021-12-04	2021-12-05	2021-12-06	2021-12-07	2021-12-08	2021-12-09	2021-12-10	2021-12-11	2021-12-12	2021-12-13	2021-12-14	2021-12-15	2021-12-16	2021-12-17	2021-12-18	2021-12-19	2021-12-20	2021-12-21	2021-12-22	2021-12-23	2021-12-24	2021-12-25	2021-12-26	2021-12-27	2021-12-28	2021-12-29	2021-12-30	2021-12-31	2022-01-01	2022-01-02	2022-01-03	2022-01-04	2022-01-05	2022-01-06	2022-01-07	2022-01-08	2022-01-09	2022-01-10	2022-01-11	2022-01-12	2022-01-13
B.1.1.7	0	0	0	0	0	0	0	0	0	0	0	0	0	0	0	0	0	0	0	0	0	0	0	0	0	0	0	0	0	0	0	0	0	0	0	0	0	0	0	0	0	0	0	0	1	0	0	0	0	0	0	0	0	0	0	0	0	0	0	0	0	0	0	0	0	0	0	0	0	0	0	0	0	0	0	0	0	0	0	0	0	0	0	0	0	0	0	0	0	0	0	0	0	0	0	0	0	0	0	0	0	0	0	0	0	0	0	0	0	0	0	0	0	0	0	0	0	0	0	0	0	0	0	0	0	0	0	0	0	0	0	0	0	0	0	0	0	0	0	0	0	0	0	0	0	0	0	0	0	0	0	0	0	0	0	0	0	0	0	0	0	0	0	0	0	0	0	0	0	0	0	0	0	0	0	0	0	0	0	0	0	0	0	0	0	0	0	0	0	0	0	0	0	0	0	0	0	0	0	0	0	0	0	0	0	0	0	0	0	0	0	0	0	0	0	0	0	0	0	0	0	0	0	0	0	0	0	0	1	1	0	1	0	0	0	0	0	0	2	1	0	0	0	0	0	0	1	0	0	3	0	0	0	2	0	1	0	1	2	15	11	6	5	1	2	0	0	18	9	5	39	59	8	4	96	38	2	98	40	12	41	143	179	125	88	11	97	95	65	35	120	254	41	37	29	98	91	79	57	30	89	63	46	159	100	67	300	230	182	953	378	275	558	616	699	709	924	956	498	462	595	389	403	432	274	839	561	489	1204	731	860	557	1606	1201	1271	1117	690	994	1397	1697	1150	1668	2038	1235	1608	1868	1378	1376	1817	1604	1470	1416	1942	1496	1172	2855	2463	2427	2259	2881	2202	1288	1434	1325	1252	1588	1300	1223	1288	1827	1630	1796	1675	1789	1381	1681	2569	2019	1553	1624	1687	1656	1983	1875	1604	1607	2350	1643	1131	1222	1887	1750	1777	1291	1636	1020	746	1534	1647	2333	2265	1822	1594	1537	2632	2124	1341	1406	1162	1715	1774	2759	2055	1824	1962	1629	1504	1383	1886	1448	1355	1245	1082	1075	926	1074	1131	1018	718	773	583	701	874	897	860	814	705	621	512	1000	761	964	966	689	449	431	965	761	748	763	601	413	312	497	742	659	670	583	396	361	791	539	518	404	411	294	230	529	430	519	447	267	242	194	305	284	321	308	313	198	176	208	252	246	179	266	201	163	220	155	124	86	46	46	23	27	56	44	30	39	17	16	27	29	29	26	22	31	19	20	21	22	71	14	8	13	13	9	17	3	4	3	2	3	2	1	0	4	2	6	0	6	4	3	6	2	2	1	2	4	3	1	2	2	2	3	2	42	2	0	2	1	0	1	1	0	2	0	1	2	0	1	0	1	0	5	1	0	0	1	0	2	2	0	0	0	0	0	1	1	2	0	0	0	0	1	1	0	2	0	1	0	0	0	0	4	0	2	0	0	0	0	0	0	0	0	0	0	0	0	0	2	1	0	1	0	0	0	0	0	0	1	0	0	0	0	0	0	0	0	0	0	0	1	0	1	0	0	0	0	0	0	0	0	0	0	0	0	0	0	0	0	0	0	0	0	0	0	0	0	0	0	0	0	0	0	0	0	0	0	0	0	0	0	0	0	0	0	0	0	0	0	0	0	0	0	0	0	0	0	0	1	0	0	0	0	0	0	0	0	2	0	0	0	0	0	0	0	0
B.1.177	0	0	0	0	0	0	0	0	0	0	0	0	0	0	0	0	0	0	0	0	0	0	0	0	0	0	0	0	0	0	0	0	0	0	0	0	0	0	0	0	0	0	0	0	0	1	0	0	0	0	0	0	0	0	0	0	0	0	0	0	0	0	0	0	0	0	0	0	0	0	0	0	0	0	0	0	0	0	0	0	0	0	0	0	0	0	0	0	0	0	0	0	0	0	0	0	0	0	0	0	0	0	0	0	0	0	0	0	0	0	0	0	0	0	0	0	0	1	3	6	0	0	0	0	0	0	0	0	0	0	0	0	0	0	0	0	0	0	0	0	0	0	0	0	0	0	0	0	1	0	0	0	0	0	0	0	0	0	0	0	0	0	0	0	1	0	0	1	0	1	1	4	0	1	0	1	0	2	2	5	5	1	1	3	7	0	2	15	12	13	7	13	6	2	42	26	12	47	49	12	11	38	40	73	78	43	24	64	58	123	61	59	56	12	12	123	41	184	273	82	8	6	44	39	313	66	212	76	96	276	70	101	762	216	39	126	74	135	177	387	158	216	93	665	581	502	242	342	165	284	728	247	432	814	340	432	124	439	615	1145	1008	364	420	134	667	290	96	553	565	210	1014	1313	443	830	845	509	554	1144	689	341	858	1068	998	1345	536	117	500	1112	220	552	452	676	520	197	297	269	339	110	111	127	169	206	197	193	191	349	379	194	282	734	632	370	379	554	403	423	465	446	363	345	443	265	192	244	76	254	284	200	329	218	190	90	242	317	283	286	180	144	233	281	221	245	382	210	263	276	191	186	179	173	205	156	198	153	91	229	150	114	110	158	104	53	43	83	40	42	29	35	34	40	33	47	36	29	25	36	39	42	24	29	19	21	21	10	10	6	28	14	7	12	16	6	16	10	5	2	5	2	3	8	9	8	2	2	4	4	0	0	1	3	0	5	8	5	2	0	2	1	2	0	0	2	0	1	0	0	0	1	1	1	0	0	0	1	1	2	1	0	0	1	0	0	2	0	0	0	1	0	0	0	0	0	0	0	1	0	0	1	0	0	0	1	0	1	1	0	0	1	0	0	0	0	0	0	0	0	0	1	1	0	2	0	0	1	1	0	0	0	0	1	0	1	0	0	0	0	0	0	0	0	0	0	0	0	0	0	0	0	0	0	0	0	21	0	0	0	0	0	0	0	0	0	0	0	0	0	0	0	0	5	0	0	0	0	0	0	0	0	0	0	0	0	0	0	0	0	0	4	0	0	0	0	0	0	0	0	0	0	0	0	0	0	0	0	0	0	0	0	0	0	0	0	0	0	0	0	0	0	0	0	0	0	0	0	0	0	0	0	0	0	0	0	0	0	0	0	0	0	0	0	0	0	0	0	0	0	0	0	0	0	0	0	0	0	0	1	0	0	0	0	0	0	0	0	0	0	0	0	0	0	0	0	0	0	0	0	0	0	0	0	0	0	0	0	0	0	0	0	0	0	0	0	0	0	0	0	0	0	0	0	0	0	0	0	0	0	0	0	0	0	0	0	0	0	0	0	0	0	0	0	0	0	0	0	0	0	0	0	0	0	0	0	0	0	0	0	0	0	0	0	0	0	0	0	0	0	0	0	0
B.1.1	0	0	0	0	0	0	0	0	0	0	0	0	0	0	0	0	0	0	1	1	0	0	1	0	3	4	15	15	11	9	18	9	18	28	24	37	50	33	16	14	18	27	45	53	55	89	70	164	169	128	189	129	160	145	211	220	196	185	204	188	167	197	195	178	182	165	188	163	159	166	196	200	186	125	96	164	161	165	155	120	81	74	160	138	161	140	149	87	71	133	159	145	106	106	81	57	136	118	99	78	44	43	33	124	113	59	40	50	11	21	41	36	55	25	22	39	19	58	95	33	49	28	35	128	198	202	206	261	301	179	218	212	203	203	132	185	94	85	110	139	197	100	17	17	9	98	123	142	173	153	79	47	32	5	6	9	5	14	13	37	60	153	102	90	60	27	53	49	69	60	68	27	27	59	20	29	41	43	37	32	56	39	56	60	62	35	59	127	81	79	74	75	42	11	95	88	61	105	64	13	28	95	85	121	112	128	44	109	140	142	73	129	85	43	13	170	96	236	324	110	11	19	38	62	337	80	219	103	61	231	54	87	499	137	31	158	42	96	70	256	133	100	46	222	211	211	89	112	48	89	219	78	119	341	96	110	69	135	190	331	297	79	80	28	156	56	18	106	139	42	183	305	107	155	163	96	100	207	116	59	124	176	177	200	89	28	69	188	41	79	43	92	59	12	38	25	48	16	18	14	30	20	31	27	14	31	30	18	31	78	55	38	36	42	24	22	34	38	23	36	34	15	16	21	6	18	18	7	25	15	25	11	18	23	25	18	15	17	38	15	17	12	19	15	13	19	13	18	7	10	11	11	8	21	10	15	13	5	8	14	3	7	8	4	5	6	2	2	8	4	1	8	1	6	6	6	3	8	2	9	6	13	4	4	4	6	10	7	10	9	10	10	6	5	12	11	5	8	6	12	11	9	4	4	5	6	4	2	1	3	5	11	8	6	3	5	8	6	9	3	7	2	4	1	5	3	10	8	3	3	2	1	4	3	7	10	4	5	5	9	7	9	9	6	8	7	10	15	11	7	4	14	4	5	14	9	14	9	15	19	16	11	8	9	12	2	9	21	8	12	12	9	4	5	4	6	15	5	6	4	6	5	4	5	6	9	3	4	2	8	3	3	1	1	1	2	2	0	3	2	2	1	2	0	1	0	2	0	0	1	0	0	4	3	1	0	0	0	0	1	0	0	1	0	1	1	0	2	0	0	0	1	2	1	2	0	0	0	0	2	1	1	0	0	0	2	0	2	1	1	0	0	0	1	0	1	1	0	0	1	0	1	0	0	0	1	1	0	0	1	1	0	2	1	1	0	0	0	0	0	0	0	0	0	0	0	0	0	1	0	1	0	0	1	0	0	0	0	0	0	0	0	0	0	1	0	0	0	0	1	0	0	0	1	1	1	0	0	0	0	0	1	0	1	0	0	1	0	0	0	0	1	1	1	0	0	0	1	0	1	0	0	1	0	2	0	0	0	1	1	0	0	0	0	1	1	5	0	5	17	30	41	21	53	71	79	110	133	209	246	531	779	887	1095	1635	1219	2449	4080	4346	5953	3877	3661	6367	4578	5592	3710	3297	4655	2637	1730	4120	5844	6811	8350	7506	6155	3964	5655	7613	9410	6123	7379	2813	2521	1742	2303	283	1	1
B.1	0	0	0	0	0	0	0	0	0	1	0	0	0	0	0	0	0	0	0	2	1	0	2	4	5	9	10	14	11	7	8	4	4	12	14	25	39	19	17	18	28	31	43	53	60	62	44	97	95	97	88	86	92	123	140	150	128	110	134	96	96	130	102	124	92	91	94	82	77	97	85	83	71	37	53	94	68	75	57	53	29	29	64	48	54	56	45	22	24	42	40	47	47	31	21	26	33	32	32	15	25	9	6	32	23	18	9	15	2	4	13	10	19	10	7	5	18	32	29	10	25	10	13	43	42	44	53	57	52	50	37	62	44	50	37	45	21	32	23	43	14	14	3	3	0	19	19	27	19	10	11	25	13	2	2	0	1	3	2	10	14	39	32	31	16	5	15	3	9	10	24	10	7	20	9	6	8	14	15	13	17	14	18	26	17	11	20	45	34	33	33	23	12	13	70	95	31	90	56	13	17	73	74	108	96	69	45	99	134	110	72	84	58	20	5	105	44	121	260	64	19	19	40	32	178	49	100	76	73	194	54	90	282	123	24	34	34	59	93	172	61	111	44	176	178	145	80	105	52	86	139	97	120	212	74	70	22	91	123	329	237	87	111	24	108	43	23	122	149	51	172	287	52	136	222	81	42	224	108	39	136	155	224	250	120	19	111	178	83	84	57	100	61	29	61	48	50	18	16	18	28	54	25	36	25	42	50	43	37	136	92	44	61	62	71	41	65	90	45	29	65	28	37	42	9	36	38	21	31	30	19	21	39	32	32	22	24	22	73	37	20	35	41	17	27	26	38	25	31	38	19	14	15	53	11	18	24	20	31	44	20	9	12	8	15	12	11	8	10	14	17	16	12	8	6	7	11	7	15	12	11	9	15	21	22	24	11	18	16	8	18	17	34	23	17	19	16	22	23	23	27	23	19	17	32	11	17	17	20	24	11	18	24	28	16	15	28	18	27	18	9	15	20	20	16	7	18	28	18	16	18	9	23	13	22	29	31	19	18	34	29	31	31	20	23	23	20	25	34	25	15	13	7	11	11	9	14	11	10	11	8	9	10	3	9	6	3	18	4	8	2	10	7	2	6	11	3	3	8	2	3	4	1	5	1	7	2	1	4	5	0	3	3	0	0	1	2	1	2	0	1	0	2	2	4	2	0	3	0	1	0	0	6	1	0	2	1	1	4	0	0	0	1	1	5	3	1	3	1	1	2	0	4	0	2	1	1	2	1	0	0	2	0	0	1	2	2	2	2	0	1	1	3	2	0	0	0	0	0	0	0	1	0	1	0	1	0	0	0	0	0	0	0	0	3	0	0	0	0	0	0	0	0	0	0	0	0	1	0	0	0	0	0	0	0	0	2	0	0	0	0	0	0	0	0	1	0	0	0	0	0	0	0	0	1	0	0	0	0	1	0	0	0	0	0	1	0	0	0	0	0	0	0	0	0	0	0	0	1	0	0	0	0	0	0	0	1	0	0	0	0	0	0	0	0	0	1	1	0	0	1	0	1	0	0	2	2	0	0	0	2	1	0	0	0	0	1	2	0	0	3	0	0	1	1	1	1	0	0	0	0	1	1	0	0	0	0	1	0	0	0	0	0	0	0	0	0	0	0
B.1.1.37	0	0	0	0	0	0	0	0	0	0	0	0	0	0	0	0	0	0	0	0	0	0	0	0	0	0	0	0	0	0	0	0	0	0	0	0	0	0	0	0	0	0	0	0	0	0	0	1	0	0	0	0	0	0	0	0	0	0	0	0	0	0	0	1	0	1	0	0	0	0	0	0	0	1	0	0	0	0	0	0	0	0	0	0	0	0	0	0	0	0	0	0	0	0	0	0	0	0	0	0	0	0	0	1	0	1	1	2	0	0	0	0	1	1	0	1	0	1	10	2	2	3	3	15	17	14	12	30	22	36	25	16	23	16	17	29	11	16	4	11	10	5	2	2	3	17	7	13	16	9	10	1	0	0	0	0	4	2	1	3	2	7	1	2	2	1	1	3	2	1	0	4	1	1	6	1	7	1	2	2	2	3	3	13	3	3	15	17	16	9	12	5	6	2	3	3	9	8	5	5	1	2	5	15	16	15	14	35	43	24	10	26	30	15	1	27	19	39	91	23	2	5	10	13	66	8	36	32	17	67	14	20	123	30	9	133	12	36	23	132	39	30	12	67	33	65	14	19	11	21	42	13	50	50	22	19	5	27	65	46	74	16	21	11	48	13	2	21	32	12	48	95	20	40	24	9	12	44	14	15	48	21	21	43	10	1	7	34	23	9	3	11	13	4	10	12	15	4	3	6	4	7	8	5	10	4	2	6	7	14	19	4	17	17	14	11	13	13	10	9	8	5	5	6	2	7	2	2	7	1	4	1	0	5	4	5	3	6	6	1	0	4	2	1	1	1	3	3	3	0	2	2	3	5	0	2	4	4	1	2	1	1	3	1	0	1	1	0	0	1	1	0	0	0	0	0	0	0	0	0	0	5	0	1	2	0	0	0	0	0	0	1	0	0	0	0	0	0	0	0	0	0	1	0	0	0	0	0	0	0	0	0	0	0	0	0	0	0	0	0	0	0	0	0	0	0	0	0	0	0	0	0	0	0	0	0	0	0	0	0	0	0	0	0	0	0	0	0	0	0	0	0	0	0	0	0	0	0	0	0	0	0	0	0	0	0	0	0	0	0	1	0	0	0	0	0	0	0	0	0	0	0	0	0	0	0	0	0	0	0	0	0	0	0	0	0	0	0	0	0	0	0	0	0	0	0	0	0	0	0	0	0	2	0	0	0	0	0	0	0	0	0	0	0	0	0	0	0	0	0	0	0	0	0	0	0	0	0	0	0	0	0	0	0	0	0	0	0	0	0	0	0	0	0	0	0	0	0	0	0	0	0	0	0	0	0	0	0	0	0	0	0	0	0	0	0	0	0	0	0	0	0	0	0	0	0	0	0	0	0	0	0	0	0	0	0	0	0	0	0	0	0	0	0	0	0	0	0	0	0	0	0	0	0	0	0	0	0	0	0	0	0	0	0	0	0	0	0	0	0	0	0	0	0	0	0	0	0	0	0	0	0	0	0	0	0	0	0	0	0	0	0	0	0	0	0	0	0	0	0	0	0	0	0	0	0	0	0	0	0	0	0	0	0	0	0	0	0	0	0	0	0	0	0	0	0	0	0	0	0	0	0	0	0	0	0	0	0	0	0	0	0	0	0	0	0	0	0	0
A	0	0	0	0	0	0	0	0	0	0	0	0	0	0	0	0	0	0	0	0	0	0	0	0	0	0	0	0	0	0	0	0	0	1	0	0	1	1	1	0	1	3	0	0	1	3	2	3	5	3	4	3	2	8	3	4	3	3	1	2	1	2	0	2	4	2	2	3	3	4	2	2	5	1	3	1	0	2	2	2	0	2	2	1	0	2	0	0	1	0	1	0	0	1	0	1	0	0	0	0	0	0	0	0	0	0	0	0	0	0	0	0	0	0	0	0	0	0	0	0	0	0	0	2	0	1	0	3	0	0	0	1	0	1	0	0	0	0	0	0	0	0	0	0	0	0	0	0	0	0	0	0	0	0	0	0	0	0	0	0	1	0	0	0	0	0	0	0	0	0	1	0	0	0	0	0	0	0	0	0	0	0	0	2	0	0	0	0	0	0	0	0	0	0	0	0	0	0	0	0	0	1	0	0	0	0	0	0	4	0	0	0	1	0	0	1	0	0	0	0	0	0	0	0	0	0	0	0	0	0	0	0	0	0	0	0	0	0	0	0	0	0	0	0	0	0	0	0	0	0	0	0	0	0	0	0	0	0	0	0	0	0	0	0	0	0	0	0	0	0	0	0	0	0	0	0	0	0	0	0	0	0	0	0	0	0	0	1	0	0	0	0	1	0	0	0	1	0	0	0	0	0	1	0	2	3	0	2	0	4	3	2	0	5	1	8	0	2	0	5	5	0	0	1	0	4	1	0	2	1	5	0	1	1	1	0	0	1	3	6	6	5	15	0	3	4	0	5	3	4	1	2	1	7	0	6	5	3	1	2	0	1	0	1	2	0	1	0	1	1	0	5	4	2	0	0	0	0	1	1	0	0	0	1	3	0	0	1	1	2	1	0	1	2	1	1	1	0	0	0	1	0	1	0	1	1	1	1	2	0	2	12	4	2	2	4	3	1	4	1	2	0	2	1	1	4	2	3	0	1	2	2	0	3	1	1	0	1	0	1	0	0	0	1	0	0	1	0	0	0	0	1	0	0	0	0	1	0	3	1	2	0	0	0	0	0	2	0	1	0	0	0	0	0	1	0	1	0	0	0	0	0	0	0	0	0	0	0	0	0	0	0	0	0	0	0	1	0	0	0	0	0	0	0	0	0	0	0	0	0	0	0	0	0	0	0	0	0	0	0	1	0	0	0	0	0	0	0	0	0	0	0	0	0	0	0	0	0	0	0	0	0	0	0	0	0	0	0	0	0	0	0	0	0	0	0	0	0	0	0	0	0	0	0	0	0	0	0	0	0	0	0	0	0	0	0	0	0	0	0	0	0	0	0	0	0	0	0	0	0	0	0	0	0	1	0	0	0	0	0	0	0	0	0	0	0	0	0	0	0	0	0	0	0	0	0	0	0	0	0	0	0	0	0	0	0	0	0	0	0	0	0	0	0	0	0	0	0	0	0	0	0	0	0	0	0	0	0	0	0	0	0	0	0	0	0	0	0	0	0	0	0	0	0	0	0	0	0	0	0	0	0	0	0	0	0	1	0	0	1	0	0	0	0	0	0	0	0	0	0	0	0	0	0	0	0	0	0	0	0	0	0	0	0	0	0	0	0	0
B.1.1.1	0	0	0	0	0	0	0	0	0	0	0	0	0	0	0	0	0	0	0	0	0	0	0	0	0	0	1	1	0	1	1	1	1	0	6	4	3	6	0	2	2	1	0	2	3	7	2	5	2	4	1	4	9	12	8	11	8	17	12	9	4	12	9	9	6	5	15	8	5	10	9	7	13	10	8	9	16	18	9	5	3	6	14	13	16	8	7	6	3	4	24	10	14	4	2	4	7	5	5	4	4	2	0	11	4	5	7	1	1	1	1	5	2	5	1	1	4	0	14	3	3	0	5	6	5	14	16	27	23	30	32	22	17	13	6	9	4	22	9	8	11	16	3	2	3	14	6	14	16	18	14	2	3	1	0	0	1	5	5	5	5	17	6	6	3	6	5	7	1	2	4	1	2	7	4	1	4	6	2	9	8	3	6	11	2	3	3	19	9	11	9	5	1	1	8	5	1	4	2	0	1	8	12	20	18	8	2	9	19	26	12	17	6	1	1	17	7	13	29	6	0	0	1	6	24	5	5	6	3	23	1	7	26	10	3	7	8	3	6	10	7	1	0	28	18	44	2	5	4	2	29	12	7	24	6	12	3	17	18	7	26	6	7	5	11	5	1	12	6	3	7	29	8	19	2	3	4	12	6	4	21	10	7	19	1	1	4	19	0	12	3	4	3	3	7	8	2	1	1	1	3	1	0	9	1	4	11	1	2	6	14	4	5	3	1	2	4	4	1	5	2	1	0	1	0	4	1	0	5	4	0	0	5	2	2	1	0	1	2	5	0	1	1	3	2	2	1	1	2	2	1	1	1	2	0	5	1	3	0	5	1	2	2	1	1	2	1	3	0	0	0	2	0	0	1	1	0	0	0	0	0	0	0	2	2	0	0	2	0	0	2	4	3	3	2	3	2	5	1	0	4	1	0	3	0	0	0	4	1	3	2	0	2	2	1	0	0	2	1	3	0	2	1	2	0	2	4	5	0	3	5	2	4	4	3	5	1	7	1	8	1	3	2	1	0	3	5	0	2	4	1	1	2	1	2	1	1	2	2	0	0	2	5	2	0	0	0	3	3	2	0	1	0	0	3	0	2	0	1	0	0	2	0	0	1	0	0	0	4	1	0	1	0	1	0	0	1	0	0	1	0	0	1	0	0	2	0	0	2	0	0	0	0	0	0	0	0	0	0	0	0	0	0	0	0	0	0	0	0	0	0	0	0	0	0	0	0	0	0	1	0	0	0	0	0	0	0	0	0	0	0	0	0	0	0	0	0	0	0	0	0	0	1	0	0	0	0	0	0	0	0	0	0	0	0	0	0	0	0	0	0	0	0	0	0	0	0	0	0	0	0	0	0	0	0	0	0	0	0	0	0	0	0	0	0	0	0	0	0	0	0	0	0	0	0	0	0	0	0	0	0	0	0	0	0	0	0	0	0	0	0	0	0	0	0	0	0	0	0	0	0	0	0	0	0	0	0	0	0	0	0	0	0	0	0	0	0	0	0	0	0	0	0	0	0	0	0	0	0	0	0	0	0	0	0	0	0	0	0	0	0	0	0	0	0	0	0	0	0	0	0	0	0	0	0	0	0	0	0	0	0	0	0	0	0	0	0	0	0
B.1.617.2	0	0	0	0	0	0	0	0	0	0	0	0	0	0	0	0	0	0	0	0	0	0	0	0	0	0	0	0	0	0	0	0	0	0	0	0	0	0	0	0	0	0	0	0	0	0	0	0	0	0	0	0	0	0	0	0	0	0	0	0	0	0	0	0	0	0	0	0	0	0	0	0	0	0	0	0	0	0	0	0	0	0	0	0	0	0	0	0	0	0	0	0	0	0	0	0	0	0	0	0	0	0	0	0	0	0	0	0	0	0	0	0	0	0	0	0	0	0	0	0	0	0	0	0	0	0	0	0	0	0	0	0	0	0	0	0	0	0	0	0	0	0	0	0	0	0	0	0	0	0	0	0	0	0	0	0	0	0	0	0	0	0	0	0	0	0	0	0	0	0	0	0	0	0	0	0	0	0	0	0	0	0	0	0	0	0	0	0	0	0	0	0	0	0	0	0	0	0	0	0	0	0	0	0	0	0	0	0	0	0	0	0	0	0	0	0	0	0	0	0	0	0	0	0	0	0	0	0	0	0	0	0	0	0	0	0	0	0	0	0	0	0	0	0	0	0	0	0	0	0	0	0	0	0	0	0	0	0	0	0	0	0	0	0	0	0	0	0	0	0	0	0	0	0	0	0	0	0	0	0	0	0	0	0	0	0	0	0	0	0	0	0	0	1	0	0	0	0	0	0	0	0	0	0	0	0	0	0	0	0	0	0	0	0	0	0	0	0	0	0	1	0	0	0	0	0	0	0	0	0	0	0	0	0	0	0	0	0	0	1	0	0	0	0	0	0	0	0	0	0	0	0	0	0	0	0	0	2	0	0	0	0	0	0	0	0	0	1	0	0	0	0	0	0	0	0	0	0	0	0	0	0	0	0	0	0	0	0	0	0	0	0	0	0	0	0	0	0	0	0	0	0	0	0	0	0	0	2	0	0	0	0	1	0	0	0	3	1	0	3	4	2	1	5	3	7	17	13	8	5	4	10	9	10	18	30	27	42	12	62	47	44	51	42	33	68	63	55	83	49	66	54	59	59	88	102	92	81	63	71	141	126	156	111	108	91	62	221	192	219	228	189	201	210	309	323	330	368	404	455	401	419	608	676	582	703	538	568	850	740	520	380	374	376	263	266	487	434	352	540	272	233	282	581	543	697	426	622	460	589	864	741	844	657	479	645	726	495	644	617	584	423	437	380	505	699	568	676	496	429	703	561	818	858	787	675	833	700	594	797	893	797	660	649	617	797	898	810	694	565	625	569	877	689	794	515	704	697	820	1034	1315	820	584	860	668	904	954	944	815	1151	1063	744	1023	1227	910	913	902	656	651	1136	815	788	877	941	579	724	1292	798	948	1178	1146	827	953	1172	1150	857	1251	1391	582	1098	1813	1051	1471	1142	862	660	1026	1572	1208	1293	1486	1092	1033	1088	1222	1695	1235	1087	1122	1023	985	1860	1825	1508	1418	1346	1553	1276	1419	1694	1540	1319	1315	1626	2111	1842	1476	1972	1747	1772	1396	1521	2592	2199	2335	2455	2342	1974	1537	2413	2460	2655	2340	2461	2939	2504	3548	2825	2596	2537	3562	2117	3122	4962	4112	3355	3169	3012	2544	2920	3943	4488	3638	2741	2447	1820	2009	2478	1865	1947	1515	1109	1246	741	891	542	389	544	169	110	176	284	202	258	176	126	73	88	105	119	64	75	24	23	8	11	3	0	0
AY.4	0	0	0	0	0	0	0	0	0	0	0	0	0	0	0	0	0	0	0	0	0	0	0	0	0	0	0	0	0	0	0	0	0	0	0	0	0	0	0	0	0	0	0	0	0	0	0	0	0	0	0	0	0	0	0	0	0	0	0	0	0	0	0	0	0	0	0	0	0	0	0	0	0	0	0	0	0	0	0	0	0	0	0	0	0	0	0	0	0	0	0	0	0	0	0	0	0	0	0	0	0	0	0	0	0	0	0	0	0	0	0	0	0	0	0	0	0	0	0	0	0	0	0	0	0	0	0	0	0	0	0	0	0	0	0	0	0	0	0	0	0	0	0	0	0	0	0	0	0	0	0	0	0	0	0	0	0	0	0	0	0	0	0	0	0	0	0	0	0	0	0	0	0	0	0	0	0	0	0	0	0	0	0	0	0	0	0	0	0	0	0	0	0	0	0	0	0	0	0	0	0	0	0	0	0	0	0	0	0	0	0	0	0	0	0	0	0	0	0	0	0	0	0	0	0	0	0	0	0	0	0	0	0	0	0	0	0	0	0	0	0	0	0	0	0	0	0	0	0	0	0	0	0	0	0	0	0	0	0	0	0	0	0	0	0	1	0	0	0	0	0	0	0	0	0	0	0	0	0	0	0	0	1	0	0	0	0	0	0	0	0	0	0	0	0	0	0	0	0	0	0	0	0	0	0	0	0	0	0	0	0	0	0	0	0	0	0	0	0	0	0	0	0	0	0	0	0	0	0	0	1	0	0	0	0	0	0	0	0	0	0	0	0	0	0	0	0	0	0	0	0	2	1	0	1	0	1	0	0	1	0	0	0	0	0	1	0	0	0	0	0	0	0	0	0	0	0	0	1	0	0	0	0	0	0	0	0	0	0	0	0	0	0	0	0	0	0	0	1	0	0	1	0	0	0	0	0	0	0	0	0	0	0	0	0	0	0	0	0	0	0	0	0	1	0	0	0	0	0	0	0	0	0	0	0	1	0	0	2	2	1	1	9	12	16	4	23	24	29	27	48	55	38	59	84	127	116	144	119	137	252	184	211	114	165	209	213	383	515	467	409	348	389	387	758	808	856	680	948	956	918	1147	1487	1468	1558	1689	1657	1659	2375	2097	1944	1621	1169	806	807	1033	2020	1899	1487	2020	1162	1518	1951	2352	1972	1924	1377	2432	1901	2276	3342	2385	2243	2090	1314	2861	2997	1829	2326	1999	1824	1232	1489	1258	1100	2401	1501	2280	1412	1558	2720	2839	2170	2937	2952	2582	3077	2181	2346	2712	3323	2568	2568	2084	2316	3115	3347	2838	2481	2496	2446	2000	2877	2083	2923	1837	2673	3120	2624	3123	3754	2659	1820	2781	2468	2860	3120	2898	2755	3470	3412	2419	3501	4039	2725	2711	2561	2262	2082	3957	2670	2522	2676	2728	1898	2321	3521	2301	2755	3180	2938	2102	2702	2875	3275	2083	2768	3306	1311	2312	3721	2574	3908	2511	2030	1536	2507	3287	2411	2481	3046	2415	2724	2770	2551	3021	2219	2033	2110	2039	1894	3136	3312	2635	2616	2410	2940	2414	2848	2905	2839	2541	2286	2849	3427	3159	2354	2985	2646	2835	2194	2555	3860	3063	3469	3356	3306	2751	2203	3212	3223	3484	2995	2948	3464	3060	4097	3004	2974	2793	3727	2001	3238	4643	4169	3241	3024	2652	2333	2565	3814	4007	3211	2566	2111	1600	1664	2052	1623	1538	1232	887	910	551	634	352	254	430	124	79	147	196	115	144	107	75	28	57	62	72	39	41	18	8	2	5	1	0	0
AY.5	0	0	0	0	0	0	0	0	0	0	0	0	0	0	0	0	0	0	0	0	0	0	0	0	0	0	0	0	0	0	0	0	0	0	0	0	0	0	0	0	0	0	0	0	0	0	0	0	0	0	0	0	0	0	0	0	0	0	0	0	0	0	0	0	0	0	0	0	0	0	0	0	0	0	0	0	0	0	0	0	0	0	0	0	0	0	0	0	0	0	0	0	0	0	0	0	0	0	0	0	0	0	0	0	0	0	0	0	0	0	0	0	0	0	0	0	0	0	0	0	0	0	0	0	0	0	0	0	0	0	0	0	0	0	0	0	0	0	0	0	0	0	0	0	0	0	0	0	0	0	0	0	0	0	0	0	0	0	0	0	0	0	0	0	0	0	0	0	0	0	0	0	0	0	0	0	0	0	0	0	0	0	0	0	0	0	0	0	0	0	0	0	0	0	0	0	0	0	0	0	0	0	0	0	0	0	0	0	0	0	0	0	0	0	0	0	0	0	0	0	0	0	0	0	0	0	0	0	0	0	0	0	0	0	0	0	0	0	0	0	0	0	0	0	0	0	0	0	0	0	0	0	0	0	0	0	0	0	0	0	0	0	0	0	0	0	0	0	0	0	0	0	0	0	0	0	0	0	0	0	0	0	0	0	0	0	0	0	0	0	0	0	0	0	0	0	0	0	0	0	0	0	0	0	0	0	0	0	0	0	0	0	0	0	0	0	0	0	0	0	0	0	0	0	0	0	0	0	0	0	0	0	0	0	0	0	0	0	0	0	0	0	0	0	0	0	0	0	0	0	0	0	0	0	0	0	0	0	0	0	0	0	0	0	0	0	0	0	0	0	0	0	0	0	0	0	0	0	0	0	0	0	0	0	0	0	0	0	0	0	0	0	0	0	0	0	0	0	0	0	0	0	0	0	0	0	0	0	0	0	0	0	0	0	0	0	0	0	0	0	0	0	0	0	0	0	0	0	0	0	0	0	0	0	1	1	0	0	0	3	1	2	0	4	3	6	3	6	2	12	11	11	16	11	14	22	25	28	22	17	48	44	41	37	31	18	18	98	59	94	72	51	41	48	69	73	62	55	75	93	104	95	132	149	187	166	168	142	202	174	144	79	71	77	47	49	82	69	68	88	42	22	48	118	120	156	76	126	116	144	211	157	193	148	69	139	171	86	140	182	140	119	66	88	86	127	120	126	101	94	139	126	210	230	167	160	186	160	162	207	244	213	162	164	162	216	206	165	148	146	154	107	170	147	186	120	170	123	173	220	281	160	104	137	158	161	146	180	146	164	152	101	169	223	158	146	154	102	102	164	131	120	124	114	69	95	138	112	158	142	179	103	84	147	157	99	126	152	59	131	221	134	154	112	91	68	99	185	166	132	134	117	94	110	109	175	129	131	130	101	106	159	145	126	130	107	138	133	114	125	135	110	108	137	187	197	118	165	123	143	87	117	155	144	164	159	155	118	82	126	144	149	134	128	180	132	199	122	103	130	161	103	155	200	177	135	123	138	117	120	161	169	130	84	92	70	88	85	63	67	53	48	33	25	23	17	8	19	6	5	4	7	5	5	1	2	3	0	3	1	2	5	1	0	0	1	0	0	0
AY.111	0	0	0	0	0	0	0	0	0	0	0	0	0	0	0	0	0	0	0	0	0	0	0	0	0	0	0	0	0	0	0	0	0	0	0	0	0	0	0	0	0	0	0	0	0	0	0	0	0	0	0	0	0	0	0	0	0	0	0	0	0	0	0	0	0	0	0	0	0	0	0	0	0	0	0	0	0	0	0	0	0	0	0	0	0	0	0	0	0	0	0	0	0	0	0	0	0	0	0	0	0	0	0	0	0	0	0	0	0	0	0	0	0	0	0	0	0	0	0	0	0	0	0	0	0	0	0	0	0	0	0	0	0	0	0	0	0	0	0	0	0	0	0	0	0	0	0	0	0	0	0	0	0	0	0	0	0	0	0	0	0	0	0	0	0	0	0	0	0	0	0	0	0	0	0	0	0	0	0	0	0	0	0	0	0	0	0	0	0	0	0	0	0	0	0	0	0	0	0	0	0	0	0	0	0	0	0	0	0	0	0	0	0	0	0	0	0	0	0	0	0	0	0	0	0	0	0	0	0	0	0	0	0	0	0	0	0	0	0	0	0	0	0	0	0	0	0	0	0	0	0	0	0	0	0	0	0	0	0	0	0	0	0	0	0	0	0	0	0	0	0	0	0	0	0	0	0	0	0	0	0	0	0	0	0	0	0	0	0	0	0	0	0	0	0	0	0	0	0	0	0	0	0	0	0	0	0	0	0	0	0	0	0	0	0	0	0	0	0	0	0	0	0	0	0	0	0	0	0	0	0	0	0	0	0	0	0	0	0	0	0	0	0	0	0	0	0	0	0	0	0	0	0	0	0	0	0	0	0	0	0	0	0	0	0	0	0	0	0	0	0	0	0	0	0	0	0	0	0	0	0	0	0	0	0	0	0	0	0	0	0	0	0	0	0	0	0	0	0	0	0	0	0	0	0	0	0	0	0	0	0	0	0	0	0	0	0	0	0	0	0	0	0	0	0	0	0	0	0	0	0	0	1	0	0	0	0	1	0	1	3	6	3	0	3	2	2	1	2	2	6	0	2	1	0	0	1	1	1	1	1	6	4	3	2	2	1	5	3	5	4	2	1	4	8	4	8	5	13	2	6	6	14	13	5	9	7	3	7	3	4	6	2	1	2	1	11	2	5	12	4	4	13	6	4	7	4	10	3	10	9	4	6	3	5	6	19	9	3	6	3	6	5	7	19	21	13	21	5	11	20	38	6	21	18	11	13	6	8	13	9	13	11	9	10	11	18	11	8	29	23	11	11	9	9	14	15	19	14	14	12	12	10	31	23	16	20	11	19	20	21	12	13	22	17	14	17	11	14	31	7	15	19	16	26	17	15	25	17	25	17	16	26	17	27	21	22	38	11	17	26	33	50	22	19	17	25	27	29	24	23	34	47	43	40	31	31	33	28	27	28	51	48	44	35	31	40	24	51	36	32	30	43	58	67	45	23	60	47	36	37	41	68	29	56	56	70	53	44	61	61	63	53	57	49	72	72	79	59	62	67	25	53	98	78	73	53	60	49	66	72	69	54	34	40	29	26	35	27	34	33	21	28	14	17	3	2	5	2	1	4	3	3	3	2	1	0	2	0	0	0	0	0	1	0	1	0	0	0
AY.122	0	0	0	0	0	0	0	0	0	0	0	0	0	0	0	0	0	0	0	0	0	0	0	0	0	0	0	0	0	0	0	0	0	0	0	0	0	0	0	0	0	0	0	0	0	0	0	0	0	0	0	0	0	0	0	0	0	0	0	0	0	0	0	0	0	0	0	0	0	0	0	0	0	0	0	0	0	0	0	0	0	0	0	0	0	0	0	0	0	0	0	0	0	0	0	0	0	0	0	0	0	0	0	0	0	0	0	0	0	0	0	0	0	0	0	0	0	0	0	0	0	0	0	0	0	0	0	0	0	0	0	0	0	0	0	0	0	0	0	0	0	0	0	0	0	0	0	0	0	0	0	0	0	0	0	0	0	0	0	0	0	0	0	0	0	0	0	0	0	0	0	0	0	0	0	0	0	0	0	0	0	0	0	0	0	0	0	0	0	0	0	0	0	0	0	0	0	0	0	0	0	0	0	0	0	0	0	0	0	0	0	0	0	0	0	0	0	0	0	0	0	0	0	0	0	0	0	0	0	0	0	0	0	0	0	0	0	0	0	0	0	0	0	0	0	0	0	0	0	0	0	0	0	0	0	0	0	0	0	0	0	0	0	0	0	0	0	0	0	0	0	0	0	0	0	0	0	0	0	0	0	0	0	0	0	0	0	0	0	0	0	0	0	0	0	0	0	0	0	0	0	0	0	0	0	0	0	0	0	0	0	0	0	0	0	0	0	0	0	0	0	0	0	0	0	0	0	0	0	0	0	0	0	0	0	0	0	0	0	0	0	0	0	0	0	0	0	0	0	0	0	0	0	0	0	0	0	0	0	0	0	0	0	0	0	0	0	0	0	0	0	0	0	0	0	0	0	0	0	0	0	0	0	0	0	0	0	0	0	0	0	0	0	0	0	0	0	0	0	0	0	0	0	0	0	0	0	0	0	0	0	0	0	0	0	0	0	0	0	0	0	0	0	0	0	0	0	0	0	0	0	0	0	0	2	0	0	1	0	0	0	1	2	1	0	1	2	2	2	3	3	4	5	5	10	3	5	7	5	2	9	7	9	5	3	4	1	2	2	9	6	2	4	1	0	2	6	1	7	10	5	4	8	13	4	27	12	17	15	15	14	9	12	12	5	8	10	9	7	15	7	5	10	23	10	11	13	11	7	10	10	5	15	14	12	13	8	17	19	12	14	13	8	23	8	6	13	12	14	23	18	28	11	19	17	17	19	12	12	9	12	11	7	5	11	25	17	17	25	20	20	16	17	16	14	10	20	12	14	23	20	11	17	18	13	26	28	18	26	34	29	37	37	35	29	26	36	31	19	37	41	36	29	22	27	25	41	20	39	57	39	29	43	54	41	43	49	45	14	57	64	33	52	39	39	20	32	66	39	40	52	26	25	23	60	65	46	40	44	29	27	75	51	58	53	51	35	30	38	38	33	36	40	51	49	54	63	59	56	50	47	49	69	49	57	76	81	50	56	56	64	72	49	66	85	74	88	98	92	84	99	57	77	138	124	92	89	79	73	102	131	102	96	78	74	50	57	71	41	38	53	31	24	22	16	17	16	16	6	4	7	4	3	5	4	9	4	2	0	2	2	3	5	2	0	3	1	0	0
B	1	0	0	2	1	0	0	0	1	0	1	0	0	0	0	0	0	0	0	2	4	1	4	7	0	5	7	19	26	30	29	20	16	22	58	76	106	59	54	51	61	88	118	92	109	122	105	206	179	134	120	112	132	104	124	121	113	102	99	67	49	51	55	46	32	39	39	38	63	32	21	47	28	16	29	36	33	41	17	14	6	11	10	8	25	11	13	6	7	9	22	10	9	6	2	1	5	4	2	1	4	0	1	4	4	3	1	1	0	0	0	0	1	1	0	3	1	1	1	1	1	0	3	3	2	1	1	4	1	1	7	9	5	3	5	1	1	1	1	0	5	2	1	0	0	0	2	0	0	1	1	0	0	1	0	0	0	0	0	0	2	2	3	2	1	3	0	0	0	0	0	0	0	0	0	0	0	0	0	1	1	1	0	1	0	0	0	0	0	0	0	0	0	0	0	0	1	0	0	0	0	1	0	0	0	0	0	0	0	0	0	0	0	0	0	0	2	0	0	0	0	0	0	1	0	0	0	0	0	0	0	0	0	0	0	0	0	0	0	0	0	0	0	2	0	0	0	0	0	0	0	0	0	0	0	1	0	0	0	0	0	0	0	0	0	0	0	0	0	0	1	0	0	0	0	0	0	0	0	0	0	0	0	0	0	0	0	0	0	0	0	0	0	0	0	0	0	0	0	0	0	1	0	0	0	0	0	0	0	0	0	0	0	0	0	0	1	0	0	0	0	0	0	0	0	0	0	0	0	1	0	0	0	0	0	0	0	0	0	0	0	0	0	0	0	0	0	0	0	0	0	0	0	0	0	0	0	0	0	0	0	0	0	0	0	1	0	0	0	0	0	1	0	0	0	0	0	0	0	0	0	0	0	0	0	0	0	0	0	0	0	0	0	0	0	0	0	0	0	1	0	0	0	0	0	0	0	0	0	0	0	0	0	0	0	0	0	0	0	0	0	0	0	0	0	0	0	0	0	0	0	0	0	1	0	0	0	0	0	0	1	1	1	0	0	0	0	0	0	0	0	0	0	0	0	0	0	0	0	0	0	0	0	0	0	0	0	0	0	1	0	0	0	0	0	0	0	0	0	0	0	0	0	0	0	0	0	0	0	0	0	0	0	0	0	0	0	0	0	0	0	0	0	0	0	0	0	0	0	0	0	0	0	0	0	0	0	0	0	0	0	0	0	0	0	0	0	0	0	0	1	0	0	0	0	0	0	0	0	0	0	0	0	0	0	0	0	0	0	0	0	0	0	0	0	0	0	0	0	0	0	0	0	0	0	1	0	0	0	0	0	0	0	0	0	0	0	0	0	0	0	0	0	0	0	0	0	0	0	0	0	0	0	0	0	0	0	0	0	0	0	0	0	0	0	0	0	0	0	0	0	0	0	0	0	0	0	0	0	0	0	0	0	0	0	0	0	0	0	0	0	0	0	0	0	0	0	0	0	0	0	0	0	0	0	0	0	0	0	0	0	0	0	0	0	0	0	0	0	0	0	0	0	0	0	0	0	0	0	0	0	0	1	0	0	0	0	0	0	0	0	0	0	0	0	0	1	0	0	0	0	0	0	0	0	0	0	0	0	0	0	0	0	0	0	0	0	0	0
root	0	0	0	0	0	0	0	0	0	0	0	0	0	0	0	0	0	0	0	0	0	0	0	0	0	0	0	0	0	0	0	0	0	0	0	0	0	0	0	0	0	0	0	0	0	0	0	0	0	0	0	0	0	0	0	0	0	0	0	0	0	0	0	0	0	0	0	0	0	0	0	0	0	0	0	0	0	0	0	0	0	0	0	0	0	0	0	0	0	0	0	0	0	0	0	0	0	0	0	0	0	0	0	0	0	0	0	0	0	0	0	0	0	0	0	0	0	0	0	0	0	0	0	0	0	0	0	0	0	0	0	0	0	0	0	0	0	0	0	0	0	0	0	0	0	0	0	0	0	0	0	0	0	0	0	0	0	0	0	0	0	0	0	0	0	0	0	0	0	0	0	0	0	0	0	0	0	0	0	0	0	0	0	0	0	0	0	0	0	0	0	0	0	0	0	0	0	0	0	0	0	0	0	0	0	0	0	0	0	0	0	0	0	0	0	0	0	0	0	0	0	0	0	0	0	0	0	0	0	0	0	0	0	0	0	0	0	0	0	0	0	0	0	0	0	0	0	0	0	0	0	0	0	0	0	0	0	0	0	0	0	0	0	0	0	0	0	0	0	0	0	0	0	0	0	0	0	0	0	0	0	0	0	0	0	0	0	0	0	0	0	0	0	0	0	0	0	0	0	0	0	0	0	0	0	0	0	0	0	0	0	0	0	0	0	0	0	0	0	0	0	0	0	0	0	0	0	0	0	0	0	0	0	0	0	0	0	0	0	0	0	0	0	0	0	0	0	0	0	0	0	0	0	0	0	0	0	0	0	0	0	0	0	0	0	0	0	0	0	0	0	0	0	0	0	0	0	0	0	0	0	0	0	0	0	0	0	0	0	0	0	0	0	0	0	0	0	0	0	0	0	0	0	0	0	0	0	0	0	0	0	0	0	0	0	0	0	0	0	0	0	0	0	0	0	0	0	0	0	0	0	0	0	0	0	0	0	0	0	0	0	0	0	0	0	0	0	0	0	0	0	0	0	0	0	0	0	0	0	0	0	0	0	0	0	0	0	0	0	0	0	0	0	0	0	0	0	0	0	0	0	0	0	0	0	0	0	0	0	0	0	0	0	0	0	0	0	0	0	0	0	0	0	0	0	0	0	0	0	0	0	0	0	0	0	0	0	0	0	0	0	0	0	0	0	0	0	0	0	0	0	0	0	0	0	0	0	0	0	0	0	0	0	0	0	0	0	0	0	0	0	0	0	0	0	0	0	0	0	0	0	0	0	0	0	0	0	0	0	0	0	0	0	0	0	0	0	0	0	0	0	0	0	0	0	0	0	0	0	0	0	0	0	0	0	0	0	0	0	0	0	0	0	0	0	0	0	0	0	0	0	0	0	0	0	0	0	0	0	0	0	0	0	0	0	0	0	0	0	0	0	0	0	0	0	0	0	0	0	0	0	0	0	0	0	0	0	0	0	0	0	0	0	0	0	0	0	0	0	0	0	0	0	0	0	0	0	0	0	0	0	0	0	0	0	0	0	0	0	0	0	0	0	0	0	0	0	0	0	0	0	0	0	0	0	0	0	0	0	0	0	0	0	0	0	0	0	0	0
